booking_id,customer_id,listing_id,status,booking_created_at,checkin_date,checkout_date,nights,lead_time_days,guests_adults,guests_children,guests_infants,price_nightly,cleaning_fee,total_amount,currency,country_code,city,channel,device_type,cancellation_ts,cancellation_reason,updated_at
f6ebbfee-f38f-435b-a4da-8c71de37d5b2,60,151261,Confirmed,2025-08-21,2025-09-17,2025-09-19,2,27,1,0,0,90.00,24.79,204.79,USD,IND,Mumbai,web,iOS,,,
de2b9298-da41-4359-b152-b38fb2ee689c,29,929882,Confirmed,2025-12-27,2026-01-17,2026-01-27,10,21,1,1,0,170.07,42.04,1742.74,AUD,FRA,Paris,app,Android,,,
01987399-6a0b-4dc8-84ce-d5ab71731761,11,510229,Confirmed,2025-06-11,2025-07-16,2025-07-18,2,35,2,0,0,220.68,31.00,472.36,AED,UK,London,partner,Web,,,
1273d637-02ad-454a-8da4-6022e921df4d,35,889523,Confirmed,2025-07-23,2025-08-17,2025-08-23,6,25,2,0,0,162.72,22.66,998.98,EUR,JPN,Tokyo,app,Android,,,
f1f7054d-7da4-4e6c-94e4-63445989e88f,34,108091,Confirmed,2025-07-18,2025-08-24,2025-08-29,5,37,2,1,0,146.40,77.33,809.33,GBP,AUS,Sydney,app,Android,,,
c33a42b2-ac3a-4294-a14e-a1172dd9e8e1,16,192145,Confirmed,2025-08-05,2025-09-05,2025-09-09,4,31,1,1,0,140.71,78.37,641.21,GBP,AUS,Sydney,app,Web,,,
bc90cf2c-a585-4857-ac5d-e8fafee07496,46,796069,Confirmed,2025-01-17,2025-02-10,2025-02-19,9,24,1,0,0,140.00,37.18,1297.18,GBP,JPN,Tokyo,app,iOS,,,
0f818d60-cd52-482c-afd2-fd2db283619e,87,843458,Confirmed,2025-01-03,2025-01-21,2025-01-29,8,18,1,1,0,170.00,40.78,1400.78,AED,UK,London,web,iOS,,,
2b27547c-79cf-42fd-a1be-85ffa062a8a7,11,668582,Confirmed,2025-08-10,2025-08-29,2025-09-05,7,19,1,0,0,214.60,46.23,1548.43,AED,UK,London,app,Android,,,
92abc589-d534-4503-8cd0-d422f8139fdd,89,429580,Confirmed,2025-08-08,2025-08-30,2025-09-01,2,22,1,0,0,252.98,67.30,573.26,GBP,USA,New York,web,iOS,,,
07191a8c-5673-4c87-b612-f2674a7c6090,68,864934,Confirmed,2025-02-05,2025-03-02,2025-03-06,4,25,1,0,0,90.00,62.14,422.14,AED,IND,Mumbai,partner,iOS,,,
bb4e77bb-bc78-4303-af99-21196566a77e,62,766337,Confirmed,2025-07-04,2025-07-28,2025-08-02,5,24,1,0,0,167.42,58.30,895.40,AED,JPN,Tokyo,web,iOS,,,
67a386f4-035a-463d-8723-70284bf771ef,67,374603,Confirmed,2025-07-25,2025-08-12,2025-08-22,10,18,2,1,0,212.20,44.70,2166.70,JPY,UK,London,partner,iOS,,,
58d38441-2556-4a77-8e56-645cd5810762,33,376893,Confirmed,2025-07-06,2025-08-02,2025-08-06,4,27,2,0,0,220.66,64.93,947.57,JPY,UK,London,web,iOS,,,
4c75b32c-1622-41dc-ae5e-2fff904334bc,86,268455,Confirmed,2025-05-22,2025-06-09,2025-06-12,3,18,2,0,0,104.67,62.06,376.07,USD,IND,Mumbai,web,iOS,,,
fd551e0c-4cae-4f10-acf3-3f896c24b293,19,566103,Confirmed,2025-08-13,2025-08-26,2025-08-30,4,13,2,1,0,180.52,21.71,743.79,AUD,UAE,Dubai,app,Android,,,
a18d374d-5f5a-4b51-9c9d-5fd0e298977f,78,132114,Confirmed,2025-12-17,2026-01-11,2026-01-17,6,25,2,0,0,130.00,41.35,821.35,GBP,AUS,Sydney,app,iOS,,,
6bc24ca3-84b4-4a6b-ac3d-dbd9fc18f233,1,960369,Confirmed,2025-08-28,2025-09-30,2025-10-06,6,33,1,0,0,140.00,33.43,873.43,EUR,JPN,Tokyo,web,iOS,,,
917a1004-ec07-49c1-b7f1-8f6dd740f609,30,989117,Confirmed,2025-12-26,2026-01-20,2026-01-22,2,25,2,0,0,170.00,45.20,385.20,USD,UK,London,web,Web,,,
41b862d1-f0ee-4084-b0c4-a712d24c283b,61,768028,Confirmed,2025-07-25,2025-08-09,2025-08-13,4,15,1,0,0,217.23,40.16,909.08,JPY,UK,London,web,Android,,,
f7df9848-fbfd-4844-b942-6683a042dbde,59,669709,Confirmed,2025-08-28,2025-09-14,2025-09-20,6,17,2,0,0,130.00,43.93,823.93,USD,AUS,Sydney,web,Web,,,
32326db3-c95c-45f2-a0e2-b8b5cd7d3ef9,73,924793,Confirmed,2025-07-12,2025-08-04,2025-08-06,2,23,1,0,0,101.96,40.08,244.00,AUD,IND,Mumbai,web,Android,,,
e3a282f9-ef21-4563-a847-ec85b8c9c298,68,269923,Confirmed,2025-08-15,2025-09-04,2025-09-11,7,20,2,0,0,180.00,57.50,1317.50,INR,USA,New York,app,Android,,,
828698ac-ec5b-4121-a1cd-bce3da556287,43,845850,Confirmed,2025-07-12,2025-08-06,2025-08-08,2,25,1,0,0,188.07,37.67,413.81,INR,UK,London,partner,iOS,,,
bb249137-31bd-49f4-9fb7-9f4a71128aa9,54,811160,Confirmed,2025-06-09,2025-07-05,2025-07-10,5,26,1,0,0,195.67,61.08,1039.43,USD,FRA,Paris,app,iOS,,,
b3a3090c-7a7c-4b92-aed7-2f6c9c15a987,7,857504,Confirmed,2025-12-17,2026-01-18,2026-01-26,8,32,1,0,0,160.00,35.71,1315.71,JPY,FRA,Paris,web,Android,,,
7e2e3890-702e-41d3-acd2-1d200b4b9602,40,816974,Confirmed,2025-01-02,2025-01-18,2025-01-23,5,16,1,1,0,99.73,20.57,519.22,AED,IND,Mumbai,app,iOS,,,
07f4d96a-83af-4e2f-ab99-6a72bbdfd69f,63,651895,Confirmed,2025-11-07,2025-11-24,2025-11-27,3,17,2,0,0,140.00,57.46,477.46,INR,JPN,Tokyo,partner,Android,,,
2e4ac28a-c082-4f7e-8e0c-bb70803143c9,51,752118,Confirmed,2025-07-06,2025-08-04,2025-08-10,6,29,1,1,0,196.97,31.64,1213.46,AUD,FRA,Paris,app,Android,,,
43b0f967-f7e4-4356-9416-94867e4c33db,18,573479,Confirmed,2025-08-10,2025-08-31,2025-09-04,4,21,1,0,0,173.44,36.34,730.10,AUD,JPN,Tokyo,app,Android,,,
6a69c52d-6884-4c5d-bff8-2d243de395a4,94,301438,Confirmed,2025-05-09,2025-05-26,2025-06-06,11,17,1,0,0,150.00,75.45,1725.45,EUR,UAE,Dubai,web,Android,,,
3e63a497-c429-4958-bb22-0dffd344fda9,99,827587,Confirmed,2025-04-05,2025-05-15,2025-05-22,7,40,1,0,0,130.00,74.01,984.01,AUD,AUS,Sydney,app,Web,,,
8fc20489-b921-4ef5-b1e9-0a1511f44cb1,50,977063,Confirmed,2025-08-08,2025-08-30,2025-09-03,4,22,1,0,0,125.73,34.28,537.20,GBP,IND,Mumbai,app,Web,,,
1fc16274-2a4a-4f6d-95aa-03c90b396cf6,37,607852,Confirmed,2025-08-27,2025-09-27,2025-10-05,8,31,2,0,0,144.35,52.48,1207.28,EUR,AUS,Sydney,app,Web,,,
be751227-b53d-49e2-ad47-652e2fef74bb,75,475366,Confirmed,2025-04-18,2025-05-22,2025-05-31,9,34,2,0,0,130.00,62.26,1232.26,USD,AUS,Sydney,app,iOS,,,
e75129c4-7904-4b64-a198-8e17d8f62a29,22,309971,Confirmed,2025-07-19,2025-08-17,2025-08-21,4,29,1,0,0,229.98,71.67,991.59,USD,USA,New York,app,iOS,,,
7dfeb8fd-d19b-4fb0-ae80-5bbf8bfd61b8,87,124641,Confirmed,2025-06-05,2025-06-30,2025-07-06,6,25,1,0,0,108.29,44.74,694.48,GBP,IND,Mumbai,app,iOS,,,
c458fa45-4889-4cb3-8fce-90912592219b,77,576098,Confirmed,2025-04-07,2025-05-08,2025-05-11,3,31,2,1,0,150.00,56.35,506.35,AUD,UAE,Dubai,web,iOS,,,
9a546c90-af6d-4134-9b96-f13d6f6d2e38,78,949794,Confirmed,2025-06-04,2025-07-01,2025-07-06,5,27,2,0,0,170.10,78.94,929.44,INR,UAE,Dubai,app,iOS,,,
4749a2c3-03cc-48c8-8317-927bc44876fe,26,366810,Confirmed,2025-06-16,2025-07-08,2025-07-15,7,22,2,0,0,179.85,70.16,1329.11,USD,JPN,Tokyo,web,Android,,,
040d1d85-20c7-4323-9ee8-351117ff45f8,25,869550,Confirmed,2025-06-08,2025-07-07,2025-07-13,6,29,2,0,0,202.98,26.33,1244.21,GBP,FRA,Paris,web,iOS,,,
e1338b58-8a79-4fc8-8828-503fef02507e,45,703787,Confirmed,2025-03-06,2025-04-05,2025-04-07,2,30,1,0,0,169.92,33.92,373.76,USD,FRA,Paris,app,iOS,,,
7360cf9b-d9ce-45db-b377-2861946fc129,62,806548,Confirmed,2025-08-12,2025-09-08,2025-09-17,9,27,1,1,0,150.00,44.04,1394.04,GBP,UAE,Dubai,web,Web,,,
f3649889-b604-4ccf-bc5d-654a8115511e,90,469850,Confirmed,2025-06-22,2025-07-14,2025-07-19,5,22,2,0,0,194.35,76.14,1047.89,GBP,FRA,Paris,partner,Web,,,
48292022-312b-48b4-a889-378e3f30743c,25,535196,Confirmed,2025-06-06,2025-07-08,2025-07-14,6,32,1,1,0,203.04,51.98,1270.22,USD,FRA,Paris,web,iOS,,,
92c6f88c-ba2d-4990-9987-ad5848d53b2a,73,600180,Confirmed,2025-05-28,2025-06-24,2025-07-01,7,27,1,0,0,194.37,43.09,1403.68,INR,UAE,Dubai,web,Android,,,
51113551-01ee-422f-b228-028c25a436ae,62,348516,Confirmed,2025-12-13,2026-01-06,2026-01-11,5,24,2,0,0,130.00,32.49,682.49,AUD,AUS,Sydney,app,Web,,,
da5f9f57-ed0a-4efa-8c70-1e8707eb1342,27,936932,Confirmed,2025-12-10,2026-01-22,2026-01-26,4,43,1,0,0,150.00,28.53,628.53,AUD,UAE,Dubai,app,iOS,,,
f2353ff0-f6a3-49a7-87f8-276d2c86288a,2,366516,Confirmed,2025-09-09,2025-10-02,2025-10-13,11,23,2,1,0,150.00,73.30,1723.30,AED,UAE,Dubai,web,Android,,,
09a01b04-e21a-405a-9b8e-78fa1a8b634a,99,683229,Confirmed,2025-02-14,2025-03-16,2025-03-21,5,30,1,0,0,180.00,75.12,975.12,JPY,USA,New York,web,iOS,,,
8d5bda12-7d24-4f2a-8f5c-5db74b734329,39,167933,Confirmed,2025-06-27,2025-07-20,2025-07-22,2,23,2,0,0,107.51,65.34,280.36,AED,IND,Mumbai,partner,Android,,,
fd906b34-3db5-438b-9391-fc0d6aa22180,50,265041,Confirmed,2025-02-27,2025-04-08,2025-04-13,5,40,1,1,0,130.00,73.23,723.23,AED,AUS,Sydney,app,Android,,,
4dee870a-0db2-497f-a0d2-252deb1f0b43,58,133652,Confirmed,2025-07-24,2025-08-31,2025-09-07,7,38,2,0,0,155.45,66.08,1154.23,AUD,JPN,Tokyo,app,Android,,,
0e8ac2b2-254f-488b-9fae-ea538f1ccb11,52,342588,Confirmed,2025-12-18,2026-01-22,2026-01-29,7,35,2,0,0,170.00,34.92,1224.92,EUR,UK,London,app,Web,,,
8565378c-530f-46b6-b2a1-140d48cfe568,38,398754,Confirmed,2025-05-15,2025-06-21,2025-06-25,4,37,1,0,0,199.72,66.30,865.18,JPY,UAE,Dubai,app,Android,,,
c16b8838-5b6f-4787-a194-c0e7e2560160,14,963181,Confirmed,2025-06-19,2025-07-20,2025-07-29,9,31,2,1,0,103.94,40.59,976.05,JPY,IND,Mumbai,app,Android,,,
d47fcc60-cd1f-48c1-9c3e-443591d0764e,11,524545,Confirmed,2025-06-13,2025-07-07,2025-07-13,6,24,2,0,0,172.81,26.71,1063.57,JPY,UAE,Dubai,app,Android,,,
b8b77fcc-9f27-4ae7-9c63-487f0174d15d,70,781123,Confirmed,2025-07-27,2025-08-21,2025-08-26,5,25,1,0,0,167.41,41.40,878.45,GBP,AUS,Sydney,app,Web,,,
e0d24276-b622-48de-a7b7-e41d88abc8a1,27,379542,Confirmed,2025-02-24,2025-03-21,2025-03-25,4,25,1,0,0,202.82,54.55,865.83,GBP,USA,New York,app,Android,,,
8979dd29-c48a-4134-bb18-b7c9273afb06,97,911130,Confirmed,2025-12-01,2026-01-07,2026-01-17,10,37,2,0,0,170.00,79.94,1779.94,INR,UK,London,app,Web,,,
6ae14068-ad58-4357-9149-4d6fef75ba44,46,971495,Confirmed,2025-07-26,2025-08-19,2025-08-23,4,24,1,0,0,187.61,62.36,812.80,EUR,UAE,Dubai,app,Android,,,
bd98c263-379d-4ea6-8409-bdc3fbf3e396,84,951223,Confirmed,2025-07-15,2025-08-14,2025-08-17,3,30,1,1,0,183.80,38.54,589.94,USD,UAE,Dubai,app,iOS,,,
8b1289ee-0b49-4a2b-8081-afdb8db2c5ea,84,445071,Confirmed,2025-08-23,2025-09-24,2025-10-03,9,32,2,0,0,140.00,79.00,1339.00,USD,JPN,Tokyo,web,Android,,,
88832288-52fd-4f75-acdc-00702488a42a,79,407210,Confirmed,2025-08-07,2025-09-12,2025-09-19,7,36,2,1,0,96.82,28.64,706.38,GBP,IND,Mumbai,app,Android,,,
c20f1f79-cfcd-4f34-bbcd-1ff8adff92fa,63,944874,Confirmed,2025-07-27,2025-08-24,2025-08-31,7,28,2,0,0,172.17,23.28,1228.47,JPY,JPN,Tokyo,partner,iOS,,,
feb979eb-e9e1-4878-973f-a06ccf86087f,90,807121,Confirmed,2025-12-06,2026-01-02,2026-01-09,7,27,1,0,0,100.00,75.22,775.22,AUD,IND,Mumbai,app,Android,,,
5d3e8af1-244e-43ce-85b5-8ac7e019edd0,46,912891,Confirmed,2025-09-09,2025-10-09,2025-10-12,3,30,1,1,0,140.00,41.55,461.55,USD,JPN,Tokyo,app,Web,,,
7212542d-f2d8-4a15-8a92-5845b37b1ea5,98,789539,Confirmed,2025-12-11,2025-12-24,2026-01-02,9,13,2,1,0,143.81,23.18,1317.47,GBP,AUS,Sydney,app,iOS,,,
97a10518-0c72-4d77-a35f-9ac4f3563f87,74,212250,Confirmed,2025-07-03,2025-08-07,2025-08-15,8,35,2,0,0,214.62,74.12,1791.08,GBP,USA,New York,app,Android,,,
6553131c-44f7-4285-9bf1-530706deaaf9,23,653772,Confirmed,2025-04-07,2025-05-05,2025-05-14,9,28,1,0,0,160.00,50.44,1490.44,EUR,FRA,Paris,web,iOS,,,
74063424-4ec3-4c4c-8ede-bb9906e75c71,62,266171,Confirmed,2025-08-08,2025-09-11,2025-09-21,10,34,1,0,0,90.00,75.26,975.26,USD,IND,Mumbai,web,iOS,,,
c203abc8-25ad-40ae-90bd-7397fef01386,52,350457,Confirmed,2025-07-22,2025-08-12,2025-08-14,2,21,2,0,0,211.06,35.87,457.99,AED,USA,New York,partner,iOS,,,
0dd89d8c-9454-493c-be1e-c8f113b0dceb,33,733762,Confirmed,2025-10-25,2025-12-02,2025-12-05,3,38,2,0,0,158.31,71.04,545.97,AUD,JPN,Tokyo,web,iOS,,,
8a61335f-e5d9-4313-9527-df3e0312bf90,45,562063,Confirmed,2025-12-08,2025-12-29,2026-01-03,5,21,1,0,0,176.17,40.07,920.92,GBP,UAE,Dubai,app,Android,,,
30d411b5-31f7-4b45-a9de-c5f8095838b8,63,922881,Confirmed,2025-02-15,2025-03-26,2025-04-04,9,39,2,0,0,160.00,79.82,1519.82,JPY,FRA,Paris,web,Android,,,
710f3bf1-3c1e-446b-91a7-b4ffb7f4444a,74,586517,Confirmed,2025-08-03,2025-08-19,2025-08-24,5,16,1,0,0,166.95,70.62,905.37,GBP,UAE,Dubai,app,iOS,,,
99b21af8-45ed-4215-bb12-481c27e7d675,67,520466,Confirmed,2025-12-23,2026-01-20,2026-01-21,1,28,1,0,0,170.00,64.11,234.11,USD,UK,London,app,iOS,,,
516dcbd9-3b35-470b-991b-e59f927b434f,62,901110,Confirmed,2025-07-17,2025-08-25,2025-09-02,8,39,1,0,0,160.94,44.31,1331.83,AUD,JPN,Tokyo,web,iOS,,,
817a6afe-b801-41fa-b693-5da17e19f56a,40,424889,Confirmed,2025-08-19,2025-09-28,2025-10-01,3,40,1,0,0,180.00,47.94,587.94,GBP,USA,New York,web,Android,,,
b460afd8-bb90-4bd4-8614-c889d3e9ee27,60,528295,Confirmed,2025-01-28,2025-03-06,2025-03-16,10,37,2,0,0,90.00,42.83,942.83,AED,IND,Mumbai,app,iOS,,,
7f778cdf-6fb9-4c10-9df7-5fdcc73b80c3,77,397818,Confirmed,2025-04-24,2025-05-29,2025-06-09,11,35,1,0,0,180.00,33.05,2013.05,GBP,USA,New York,app,Android,,,
51c7180e-38f1-4ed1-bf41-ebce40fbcddb,89,399782,Confirmed,2025-12-23,2026-01-20,2026-01-30,10,28,2,1,1,160.00,70.87,1670.87,JPY,FRA,Paris,app,Web,,,
1046935c-8283-4775-ad58-e47e142e4745,93,989286,Confirmed,2025-12-25,2026-01-11,2026-01-14,3,17,2,1,0,130.00,56.41,446.41,JPY,AUS,Sydney,app,Web,,,
ff3ee6c5-eb2a-47a8-a72d-cff062cb4b9e,12,345278,Confirmed,2025-07-22,2025-08-20,2025-08-22,2,29,2,0,0,177.74,37.23,392.71,GBP,UAE,Dubai,web,Android,,,
54a53a52-8b41-4169-b4e2-7558bb5efbe1,43,486282,Confirmed,2025-01-23,2025-02-16,2025-02-18,2,24,2,0,0,180.00,24.88,384.88,EUR,USA,New York,web,Android,,,
e769585d-103f-4875-b05a-4c41f920f6bf,17,521733,Confirmed,2025-07-17,2025-08-13,2025-08-19,6,27,1,0,1,101.79,43.15,653.89,USD,IND,Mumbai,app,iOS,,,
c6cd1016-653f-42bf-ba79-a24b042ed58b,47,849900,Confirmed,2025-02-18,2025-03-25,2025-04-04,10,35,1,0,0,130.00,73.52,1373.52,JPY,AUS,Sydney,web,iOS,,,
b2badd69-b4f8-42a9-8b78-e0bf2229d711,72,852138,Confirmed,2025-08-27,2025-10-05,2025-10-07,2,39,1,0,1,180.00,63.25,423.25,EUR,USA,New York,web,iOS,,,
37b4946e-1086-451c-8310-fdc13dee8119,34,101692,Confirmed,2025-06-15,2025-07-18,2025-07-23,5,33,1,0,0,163.30,68.32,884.82,EUR,AUS,Sydney,app,iOS,,,
10141ccd-6ab1-4b05-8132-c0b677e82a5e,53,363371,Confirmed,2025-07-15,2025-08-08,2025-08-09,1,24,1,0,0,166.29,40.94,207.23,EUR,AUS,Sydney,web,Android,,,
722952a4-baea-4c55-be61-a657b78e588d,73,619979,Confirmed,2025-05-11,2025-05-28,2025-05-29,1,17,1,0,1,90.00,45.81,135.81,EUR,IND,Mumbai,app,Web,,,
d19308ca-2d21-4e69-acbc-bada8f7c89be,70,626325,Confirmed,2025-06-27,2025-07-13,2025-07-14,1,16,2,0,0,193.17,22.96,216.13,EUR,UK,London,app,iOS,,,
357bc863-da34-4075-b3d7-0f23a99b6bf8,37,603340,Confirmed,2025-10-02,2025-11-02,2025-11-12,10,31,2,1,0,170.00,22.64,1722.64,AED,UK,London,web,Android,,,
6af8c8ad-c320-4f74-a530-e8219747b9b4,90,445837,Confirmed,2025-04-23,2025-05-19,2025-05-22,3,26,2,0,0,140.00,52.70,472.70,USD,JPN,Tokyo,app,Web,,,
709ab9b2-6d83-4c05-8adf-d1d056207005,72,130491,Confirmed,2025-06-24,2025-07-21,2025-07-30,9,27,2,0,0,187.72,61.57,1751.05,AED,UK,London,web,Android,,,
b34d08e6-57de-41c7-8455-0951ed2d7d77,77,816811,Confirmed,2025-11-14,2025-12-19,2025-12-26,7,35,2,1,0,202.87,59.52,1479.61,AED,UAE,Dubai,app,iOS,,,
d7feb08d-62a0-4f9c-90cf-452063e4070b,42,591545,Confirmed,2025-12-09,2026-01-02,2026-01-07,5,24,2,0,0,170.77,71.25,925.10,EUR,UAE,Dubai,app,iOS,,,
57e13e8b-fb44-4c6a-b712-7cd5fac3c912,29,222160,Confirmed,2025-06-25,2025-07-13,2025-07-17,4,18,1,0,0,193.33,22.05,795.37,GBP,UK,London,app,Web,,,
ab611ab4-65cb-4845-aa5d-55460773597e,39,599680,Confirmed,2025-06-05,2025-07-05,2025-07-08,3,30,1,0,0,236.98,65.01,775.95,JPY,UK,London,web,iOS,,,
c40fc774-9397-4900-9bc6-dbea405a00af,69,937724,Confirmed,2025-12-19,2026-01-11,2026-01-15,4,23,1,0,0,160.00,76.18,716.18,AED,FRA,Paris,app,Android,,,
dbe5eb8f-253f-4f3a-be37-b297c2aa37a8,99,310484,Confirmed,2025-12-12,2026-01-16,2026-01-27,11,35,2,0,0,169.43,53.09,1916.82,AED,FRA,Paris,web,Android,,,
2df1559e-c3dd-4b73-bc23-acbf20dc88c0,77,984235,Confirmed,2025-06-11,2025-07-02,2025-07-10,8,21,2,0,0,157.30,43.96,1302.36,INR,AUS,Sydney,app,iOS,,,
8b3c34d7-1f14-42aa-ba08-0f781a1a54bb,13,632161,Confirmed,2025-01-01,2025-01-14,2025-01-21,7,13,1,0,0,140.00,71.32,1051.32,AED,JPN,Tokyo,app,iOS,,,
b6056fbf-f04c-41db-a5d3-14269460d8a0,72,870502,Confirmed,2025-02-13,2025-02-22,2025-03-02,8,9,1,1,0,204.46,35.30,1670.98,AUD,USA,New York,app,iOS,,,
22a89c75-4a55-4d23-8c5c-1a31acb2df8b,4,303834,Confirmed,2025-06-13,2025-07-09,2025-07-20,11,26,2,0,0,188.44,72.20,2145.04,USD,FRA,Paris,app,iOS,,,
cb9b736e-93c9-459e-8cd5-7bbb975a18f3,41,132748,Confirmed,2025-12-06,2025-12-22,2026-01-01,10,16,2,1,0,201.40,53.20,2067.20,JPY,USA,New York,app,Android,,,
8e7d368e-5d10-47a9-82b0-91df5f759f90,98,507105,Confirmed,2025-08-02,2025-08-28,2025-08-30,2,26,1,0,0,231.33,21.93,484.59,JPY,USA,New York,app,Web,,,
0c04f3f1-6726-418c-8be3-ca277f0742c1,69,561119,Confirmed,2025-04-15,2025-05-07,2025-05-10,3,22,1,0,0,130.00,27.75,417.75,AED,AUS,Sydney,app,Android,,,
6faf2ebb-f8f8-4855-82a4-d3f128f9ae86,75,428504,Confirmed,2025-12-10,2026-01-10,2026-01-15,5,31,1,0,0,164.48,56.47,878.87,JPY,UAE,Dubai,web,iOS,,,
211ee49d-b098-46af-9044-924087970bc5,94,354838,Confirmed,2025-12-02,2026-01-04,2026-01-10,6,33,1,0,0,170.00,50.43,1070.43,INR,UK,London,app,iOS,,,
4bcb1482-1552-48f5-9a0a-270a5d923c8f,17,305573,Confirmed,2025-06-18,2025-07-19,2025-07-21,2,31,1,0,0,117.17,71.57,305.91,GBP,IND,Mumbai,web,iOS,,,
bc6d11d8-4323-48ca-aff1-340e157bc6ef,60,651650,Confirmed,2025-11-06,2025-12-07,2025-12-11,4,31,1,0,0,172.26,62.91,751.95,EUR,JPN,Tokyo,app,Android,,,
ab7c7ee9-deac-459c-aac4-b016b7f5bab7,22,417857,Confirmed,2025-07-13,2025-08-08,2025-08-12,4,26,1,0,0,230.37,68.73,990.21,JPY,UK,London,web,Android,,,
5eb267f0-eef8-42b1-bede-e5c521a41ddd,91,627547,Confirmed,2025-04-23,2025-05-11,2025-05-16,5,18,1,0,0,90.00,47.58,497.58,GBP,IND,Mumbai,app,Android,,,
e2e4051d-27b6-4fd8-80a3-87703fa41765,6,578897,Confirmed,2025-11-27,2025-12-24,2025-12-29,5,27,2,0,0,188.70,78.72,1022.22,INR,UAE,Dubai,app,Web,,,
83ceac13-a2e0-441a-bc37-8d3ce897c33a,76,380945,Confirmed,2025-09-06,2025-10-14,2025-10-19,5,38,2,1,0,130.00,77.22,727.22,JPY,AUS,Sydney,app,iOS,,,
c7a75f73-ccea-4ae6-bb83-ccd7f23be38d,26,561810,Confirmed,2025-08-01,2025-08-14,2025-08-24,10,13,1,0,0,226.82,34.44,2302.64,AUD,USA,New York,app,Android,,,
183ed32b-a525-4666-87b0-387c83c9c5f0,55,967271,Confirmed,2025-03-26,2025-04-14,2025-04-19,5,19,2,0,0,90.00,44.23,494.23,AUD,IND,Mumbai,app,iOS,,,
50df61cd-99b8-48a0-88fb-da8601667558,56,590725,Confirmed,2025-01-02,2025-01-18,2025-01-28,10,16,1,0,0,157.43,23.60,1597.90,GBP,JPN,Tokyo,web,Android,,,
f26d3fc6-e170-4fb1-ab1a-75897cc700e3,57,998743,Confirmed,2025-07-01,2025-07-20,2025-07-29,9,19,2,0,0,162.75,28.18,1492.93,AUD,JPN,Tokyo,app,Android,,,
9bf5b4cd-2ff4-47bd-8b29-cc7ae5c185c5,32,960889,Confirmed,2025-08-17,2025-09-05,2025-09-08,3,19,2,0,0,175.25,72.90,598.65,GBP,FRA,Paris,web,Android,,,
cddb09cc-3dda-4156-affb-800c11dd331f,26,498367,Confirmed,2025-08-20,2025-09-20,2025-09-27,7,31,2,0,0,142.69,66.37,1065.20,EUR,AUS,Sydney,web,iOS,,,
9725d1d6-22ee-479f-b708-14927be4e893,70,929505,Confirmed,2025-01-20,2025-02-17,2025-02-19,2,28,2,0,0,90.00,50.43,230.43,GBP,IND,Mumbai,app,Web,,,
4cd59e74-af43-4f32-b978-e38ec75331b5,87,560197,Confirmed,2025-06-23,2025-07-31,2025-08-04,4,38,1,0,0,232.48,57.37,987.29,EUR,USA,New York,web,Android,,,
dae293b7-8bf0-4c38-a963-91ef6d1b0071,58,233189,Confirmed,2025-12-04,2025-12-30,2026-01-03,4,26,2,0,0,176.64,68.35,774.91,JPY,UAE,Dubai,app,iOS,,,
8423163e-5004-4c76-a967-adfd3701369b,53,561056,Confirmed,2025-08-10,2025-09-12,2025-09-25,13,33,2,0,0,168.96,75.60,2272.08,EUR,UAE,Dubai,app,Web,,,
05c51757-ec74-416d-84b9-4e99740bfca4,71,180360,Confirmed,2025-09-16,2025-09-25,2025-10-07,12,9,1,0,0,150.00,49.72,1849.72,EUR,UAE,Dubai,web,iOS,,,
c1cc62ab-7e9d-45d1-8afc-cbb6253dc73a,36,365228,Confirmed,2025-12-15,2026-01-04,2026-01-07,3,20,2,1,0,180.00,24.07,564.07,JPY,USA,New York,app,iOS,,,
3d140f0e-c827-42b9-89f0-d9b3832924ee,93,195747,Confirmed,2025-01-06,2025-02-09,2025-02-13,4,34,1,0,0,160.00,73.25,713.25,AED,FRA,Paris,partner,Web,,,
54e265a3-b913-4201-ad9d-7c6b57fa18b3,35,361266,Confirmed,2025-12-25,2026-01-31,2026-02-07,7,37,1,1,0,146.89,79.66,1107.89,EUR,AUS,Sydney,web,iOS,,,
1f7debd8-a290-454a-aac9-7ccd1660e142,66,596137,Confirmed,2025-01-16,2025-01-27,2025-02-03,7,11,1,0,1,140.00,62.58,1042.58,EUR,JPN,Tokyo,app,Android,,,
d6456ffd-b0bc-4dc7-be83-1a9d0ec968a2,29,107435,Confirmed,2025-03-11,2025-04-17,2025-04-20,3,37,2,1,0,170.00,26.45,536.45,INR,UK,London,app,Web,,,
bcc67706-30d9-4025-9168-d1a1f7a3a267,34,576143,Confirmed,2025-09-22,2025-10-14,2025-10-24,10,22,2,0,0,170.00,57.29,1757.29,AUD,UK,London,app,Android,,,
f13fa852-79f2-4ff7-a762-1d200b5e9a7d,64,638782,Confirmed,2025-08-14,2025-08-24,2025-08-26,2,10,1,0,0,165.95,49.97,381.87,AUD,AUS,Sydney,app,Android,,,
2826ff86-b696-4848-8194-b2a61d03a105,30,440899,Confirmed,2025-07-10,2025-07-28,2025-08-04,7,18,2,0,1,203.72,36.59,1462.63,INR,UK,London,web,iOS,,,
ff83a4fa-7a70-4567-9d63-9ac39b77f716,55,860478,Confirmed,2025-12-14,2026-01-03,2026-01-06,3,20,2,1,0,155.85,54.51,522.06,JPY,JPN,Tokyo,app,iOS,,,
a68b2e1a-1810-47d7-b631-6f892e862086,86,581939,Confirmed,2025-06-03,2025-07-07,2025-07-09,2,34,2,0,0,169.43,54.46,393.32,INR,UAE,Dubai,app,iOS,,,
41aaa745-bafc-48a8-841d-917933be02da,19,890549,Confirmed,2025-03-02,2025-03-11,2025-03-21,10,9,2,0,0,180.00,64.08,1864.08,JPY,USA,New York,app,Web,,,
d8080edd-07cd-444a-86b8-d2b8fd538072,47,912625,Confirmed,2025-12-21,2026-01-09,2026-01-12,3,19,2,0,0,178.12,38.60,572.96,USD,FRA,Paris,app,iOS,,,
db2ad92d-77ba-4907-a227-93247ddc3416,57,610513,Confirmed,2025-11-10,2025-12-17,2025-12-20,3,37,1,1,0,191.16,53.13,626.61,EUR,UAE,Dubai,web,iOS,,,
58112c84-6c27-4fd3-af2c-9b011458d542,41,194250,Confirmed,2025-07-12,2025-07-31,2025-08-10,10,19,1,0,0,178.42,67.61,1851.81,AUD,UAE,Dubai,web,Web,,,
853d40b4-92bd-4a8e-bc5d-b3f8ecf635a5,33,808429,Confirmed,2025-02-10,2025-02-28,2025-03-01,1,18,1,0,0,197.59,54.95,252.54,EUR,USA,New York,app,Android,,,
6494aee5-8dd7-40ad-b672-02bddfefd743,37,230786,Confirmed,2025-08-03,2025-09-03,2025-09-10,7,31,2,0,0,180.00,45.14,1305.14,AUD,USA,New York,app,iOS,,,
a6148dea-ddf0-4225-8505-36448d318202,59,698635,Confirmed,2025-07-16,2025-08-17,2025-08-25,8,32,2,0,0,217.64,74.78,1815.90,AED,USA,New York,web,Android,,,
5afe54e1-9593-43cd-a298-957b78fadb03,3,100574,Confirmed,2025-07-08,2025-08-03,2025-08-07,4,26,1,0,0,158.66,62.17,696.81,EUR,AUS,Sydney,web,Android,,,
8bebfcad-2655-44db-8414-f7dfa50b67f9,92,299638,Confirmed,2025-06-28,2025-08-03,2025-08-11,8,36,1,0,0,102.48,61.53,881.37,AED,IND,Mumbai,web,Android,,,
e8d7ef58-e363-4875-9643-dca28345e88a,23,907068,Confirmed,2025-11-24,2025-12-21,2025-12-30,9,27,1,0,0,159.64,68.54,1505.30,USD,AUS,Sydney,web,Web,,,
d79f0b40-cfb8-49f6-8956-03a8d9b54ba4,48,151985,Confirmed,2025-09-02,2025-10-07,2025-10-08,1,35,2,0,0,160.00,39.25,199.25,GBP,FRA,Paris,web,Web,,,
2ca3e1b2-a07b-4b07-ba33-1e8c8026a193,70,403761,Confirmed,2025-08-07,2025-09-03,2025-09-10,7,27,2,0,0,140.00,60.02,1040.02,AUD,JPN,Tokyo,app,iOS,,,
3f7cc242-d175-46ad-9404-f1a7b72de1d3,99,156530,Confirmed,2025-12-14,2025-12-30,2026-01-06,7,16,2,0,0,158.01,56.30,1162.37,GBP,JPN,Tokyo,app,Android,,,
15728360-e812-4c5e-94a6-cd9273d73863,46,137594,Confirmed,2025-07-06,2025-08-02,2025-08-06,4,27,1,0,0,123.70,48.35,543.15,USD,IND,Mumbai,app,iOS,,,
cc82f71e-83ec-4a3f-81af-38713f099db1,63,586373,Confirmed,2025-07-26,2025-08-18,2025-08-21,3,23,2,0,0,112.73,32.73,370.92,AED,IND,Mumbai,web,Android,,,
4102fc24-184c-4d67-80ca-ac160400f981,62,484251,Confirmed,2025-02-16,2025-03-12,2025-03-19,7,24,1,0,0,170.00,47.19,1237.19,AUD,UK,London,app,iOS,,,
d5e91339-7508-4f5e-a74f-06255eccc6ae,100,232354,Confirmed,2025-08-19,2025-09-21,2025-09-26,5,33,1,0,0,150.00,78.98,828.98,AUD,UAE,Dubai,app,iOS,,,
2403b544-5507-421b-b3bf-136487610105,33,382262,Confirmed,2025-08-14,2025-09-11,2025-09-20,9,28,1,1,0,160.00,30.75,1470.75,INR,FRA,Paris,app,iOS,,,
d06c0688-8c68-42de-9f4f-11fe520c5df5,40,275764,Confirmed,2025-07-11,2025-07-26,2025-07-30,4,15,2,0,0,213.13,62.49,915.01,JPY,FRA,Paris,web,iOS,,,
7a957377-8f9a-42e9-b0d7-757e599c138c,83,595946,Confirmed,2025-08-02,2025-09-04,2025-09-06,2,33,1,0,0,140.00,20.92,300.92,EUR,JPN,Tokyo,app,iOS,,,
6a7f44d7-74e4-4d82-a1d6-91c558137719,80,312532,Confirmed,2025-12-05,2026-01-03,2026-01-05,2,29,2,0,0,99.33,74.62,273.28,JPY,IND,Mumbai,app,iOS,,,
77b5dcba-01c5-41ff-97f2-d72a9d58c1e9,12,538961,Confirmed,2025-09-17,2025-09-28,2025-09-29,1,11,2,0,0,160.00,39.27,199.27,EUR,FRA,Paris,web,Android,,,
9e85c5cd-8d7f-4b7e-b91d-76945ddd89c9,23,271544,Confirmed,2025-11-22,2025-12-23,2025-12-29,6,31,1,0,0,165.58,49.23,1042.71,EUR,JPN,Tokyo,web,Android,,,
63637d53-8072-4858-9fb2-a59f01500616,23,487138,Confirmed,2025-12-27,2026-01-25,2026-02-02,8,29,1,0,0,150.00,54.33,1254.33,AED,UAE,Dubai,app,iOS,,,
50513b71-07e3-4572-8a13-5949072a9f3d,87,366841,Confirmed,2025-05-12,2025-06-17,2025-06-20,3,36,1,0,0,203.81,45.53,656.96,JPY,FRA,Paris,app,iOS,,,
20d3917d-501d-4f7d-b50f-6d8374418dfd,35,968900,Confirmed,2025-06-18,2025-07-19,2025-07-22,3,31,2,0,0,171.62,59.78,574.64,GBP,AUS,Sydney,app,Android,,,
f115cb15-586e-4afb-8c2b-493d64798301,58,762978,Confirmed,2025-12-27,2026-01-14,2026-01-15,1,18,2,0,0,160.00,39.52,199.52,USD,FRA,Paris,web,Android,,,
6ae24865-1d39-4b33-97dc-74269dd6d616,47,352938,Confirmed,2025-02-03,2025-02-16,2025-02-21,5,13,2,0,0,180.00,76.96,976.96,INR,USA,New York,partner,iOS,,,
28e7eac4-b1aa-4484-bb9b-3448aadc6b59,21,202766,Confirmed,2025-12-14,2026-01-21,2026-01-23,2,38,1,0,0,130.00,55.66,315.66,GBP,AUS,Sydney,app,Web,,,
3ad934e8-96a4-4af2-871f-494cb08dfef1,74,217568,Confirmed,2025-09-18,2025-10-11,2025-10-18,7,23,2,1,0,147.96,26.58,1062.30,USD,JPN,Tokyo,web,iOS,,,
41fd6136-2783-4d1f-b6dc-7d027ef870fd,4,144561,Confirmed,2025-06-15,2025-07-21,2025-08-02,12,36,2,0,0,146.61,71.20,1830.52,USD,AUS,Sydney,web,Web,,,
99b38bb5-20a3-446d-953a-c336bf9d8b7f,70,300898,Confirmed,2025-06-09,2025-07-08,2025-07-16,8,29,1,0,1,196.17,31.78,1601.14,AED,UK,London,partner,iOS,,,
3deb972e-5ec8-4077-9b19-8b907358e52e,60,585993,Confirmed,2025-05-18,2025-05-29,2025-06-06,8,11,1,0,0,140.00,60.74,1180.74,JPY,JPN,Tokyo,app,Web,,,
feb46f53-77fe-423d-a38e-85881b0b19bc,38,549232,Confirmed,2025-08-23,2025-09-18,2025-09-26,8,26,1,0,0,90.00,45.50,765.50,AUD,IND,Mumbai,web,Android,,,
2f5b32f2-de68-442f-81e0-575bbe58f8a4,79,120076,Confirmed,2025-08-03,2025-08-28,2025-09-02,5,25,2,1,0,196.95,68.54,1053.29,INR,FRA,Paris,app,Web,,,
a6306576-f800-45c6-9c83-0f6df2ea0a8f,28,165129,Confirmed,2025-08-19,2025-09-09,2025-09-11,2,21,2,0,0,170.00,51.68,391.68,USD,UK,London,partner,Android,,,
eab4547a-05a7-4cf4-9665-ed5bbfa82b4b,92,587859,Confirmed,2025-11-20,2025-12-08,2025-12-11,3,18,2,0,0,182.83,43.18,591.67,AED,UAE,Dubai,app,iOS,,,
6adae5b9-fa07-48d8-bf6a-336fee0ef74b,34,227118,Confirmed,2025-12-22,2026-01-28,2026-02-01,4,37,1,0,0,160.00,47.40,687.40,AED,FRA,Paris,app,Web,,,
3dcf61fe-2c94-440a-8005-48fc4ac4b99c,56,491959,Confirmed,2025-06-07,2025-07-14,2025-07-21,7,37,1,0,0,163.04,39.03,1180.31,JPY,AUS,Sydney,app,iOS,,,
810e65a6-64fb-4d64-95e0-77fb62b61971,59,524742,Confirmed,2025-07-15,2025-08-02,2025-08-08,6,18,2,0,0,176.03,28.63,1084.81,EUR,AUS,Sydney,web,iOS,,,
c254b0ce-4f22-4686-b748-230ad8e6c1e9,87,734853,Confirmed,2025-06-17,2025-07-19,2025-07-24,5,32,1,0,0,257.46,51.79,1339.09,AUD,USA,New York,app,iOS,,,
45b449fb-6805-4bb0-b6f0-9dc0d5b7e7d0,42,884901,Confirmed,2025-12-06,2025-12-31,2026-01-08,8,25,2,0,0,115.86,23.29,950.17,AUD,IND,Mumbai,app,Android,,,
0a357ab5-9627-43ed-bcf4-98cfe1c1fcfb,52,122533,Confirmed,2025-08-06,2025-09-08,2025-09-16,8,33,2,0,0,160.00,73.06,1353.06,INR,FRA,Paris,web,iOS,,,
680c9a02-f0dc-4b7a-b72c-5b1984ce908f,22,976280,Confirmed,2025-07-03,2025-08-03,2025-08-05,2,31,1,0,0,109.92,74.39,294.23,AUD,IND,Mumbai,web,Android,,,
dc6cc7c8-ef80-47af-b89c-c9c15fd896d1,93,910999,Confirmed,2025-06-17,2025-07-12,2025-07-15,3,25,2,0,0,119.05,49.76,406.91,JPY,IND,Mumbai,app,iOS,,,
ee6a43cb-8ebe-4854-ac69-575c0397a6c7,36,319100,Confirmed,2025-07-03,2025-07-27,2025-08-01,5,24,1,0,0,224.38,54.96,1176.86,JPY,USA,New York,app,Android,,,
d9d650ec-48f2-4016-a7be-1c219e48cf96,72,962347,Confirmed,2025-08-20,2025-09-15,2025-09-24,9,26,2,0,0,180.00,53.47,1673.47,USD,USA,New York,app,iOS,,,
e64ecb6b-f926-40ba-b567-865f9b3e84da,98,812571,Confirmed,2025-01-12,2025-02-17,2025-02-22,5,36,2,0,0,180.00,66.08,966.08,AUD,USA,New York,web,Web,,,
8761757d-ec56-4a57-84e0-428e97e16cca,77,843325,Confirmed,2025-08-06,2025-09-01,2025-09-12,11,26,1,0,0,150.00,58.25,1708.25,GBP,UAE,Dubai,partner,Web,,,
c6d4193b-55b6-4dcf-8ec8-c0921d0643a9,90,879385,Confirmed,2025-07-02,2025-08-04,2025-08-09,5,33,1,0,0,176.12,54.02,934.62,AED,JPN,Tokyo,web,Android,,,
8623b6e5-07ba-4a37-ae6a-31cd36aea554,11,811385,Confirmed,2025-10-19,2025-11-18,2025-11-27,9,30,1,0,0,130.00,77.83,1247.83,GBP,AUS,Sydney,app,Android,,,
7982ba56-a446-4ec4-9f3d-6afc38ffd659,34,190987,Confirmed,2025-10-17,2025-11-10,2025-11-20,10,24,2,0,0,160.00,59.40,1659.40,EUR,FRA,Paris,app,iOS,,,
5920de91-8621-4da1-a7c0-032a9a3aa14a,67,611659,Confirmed,2025-04-24,2025-05-24,2025-05-28,4,30,2,0,0,160.88,20.78,664.30,AUD,JPN,Tokyo,app,iOS,,,
21f613f0-443c-4098-9eab-222fafc903fd,23,475917,Confirmed,2025-12-11,2025-12-23,2025-12-25,2,12,2,0,0,155.70,70.90,382.30,AUD,AUS,Sydney,app,iOS,,,
d0c2659e-af2d-4529-a77a-7c1c4efcbfac,29,449656,Confirmed,2025-12-03,2025-12-25,2025-12-31,6,22,2,0,0,155.19,78.27,1009.41,EUR,AUS,Sydney,app,Web,,,
717ff56a-b7d6-4cbd-a630-f943c4efa189,36,512525,Confirmed,2025-12-17,2026-01-13,2026-01-16,3,27,2,0,0,160.00,53.34,533.34,AUD,FRA,Paris,app,iOS,,,
5b441407-a735-451e-8fcc-f5c1779ee810,62,170555,Confirmed,2025-08-25,2025-09-15,2025-09-18,3,21,1,0,0,170.00,47.21,557.21,AED,UK,London,web,Android,,,
17a77b33-6c85-4078-a39d-f7e18db42189,87,145662,Confirmed,2025-12-14,2026-01-11,2026-01-16,5,28,1,0,0,160.00,58.76,858.76,AED,FRA,Paris,app,iOS,,,
82e143f6-5c27-4e7a-a105-e8a9fc849edd,20,941019,Confirmed,2025-10-28,2025-11-20,2025-11-27,7,23,2,0,0,140.00,49.67,1029.67,AED,JPN,Tokyo,app,Android,,,
9ad3f18b-f2cb-4abb-9eb4-12af39ca522e,71,524145,Confirmed,2025-07-05,2025-07-21,2025-07-25,4,16,2,0,0,106.17,61.55,486.23,EUR,IND,Mumbai,app,iOS,,,
bf1291e2-2bb4-4f6d-8c40-c920bfad11bc,47,427300,Confirmed,2025-07-05,2025-07-31,2025-08-03,3,26,2,0,0,154.07,45.14,507.35,AUD,JPN,Tokyo,app,Web,,,
f2c39c7f-15c8-44a7-816e-21a37e89e75f,72,320826,Confirmed,2025-07-24,2025-08-03,2025-08-07,4,10,1,1,0,180.61,42.05,764.49,AED,JPN,Tokyo,app,Android,,,
3bb51f06-f6b2-4177-b5d3-905fe4ca4206,43,159137,Confirmed,2025-07-02,2025-07-24,2025-07-26,2,22,2,0,0,181.23,76.66,439.12,JPY,FRA,Paris,partner,iOS,,,
3aa7e229-3508-4f96-b38f-4943cbc492cd,71,268441,Confirmed,2025-02-23,2025-03-03,2025-03-14,11,8,2,0,0,160.00,52.51,1812.51,AED,FRA,Paris,app,iOS,,,
4822676f-1750-446f-9f37-0a027ae3e0d3,79,843437,Confirmed,2025-06-07,2025-07-11,2025-07-22,11,34,2,0,0,124.57,34.99,1405.26,USD,IND,Mumbai,app,Web,,,
346256bb-eaa8-4923-a564-05349011fe11,45,835235,Confirmed,2025-12-03,2026-01-01,2026-01-04,3,29,2,0,0,130.00,29.45,419.45,EUR,AUS,Sydney,app,Android,,,
cd26a46b-164d-4dfc-94b2-a2d1b3f99065,11,580676,Confirmed,2025-12-03,2025-12-26,2026-01-07,12,23,2,1,0,229.65,45.71,2801.51,INR,USA,New York,web,iOS,,,
c94cc1b0-acd6-4d78-b3ac-309bc75844f1,85,686551,Confirmed,2025-10-24,2025-11-21,2025-11-25,4,28,2,1,0,179.97,33.42,753.30,EUR,FRA,Paris,app,iOS,,,
373ec423-5ba3-4969-90a5-075b6c73c4d2,52,109098,Confirmed,2025-08-03,2025-08-31,2025-09-04,4,28,2,1,0,188.87,59.76,815.24,AUD,UK,London,web,iOS,,,
02f16c54-6823-42f4-85ae-8e4bccd25e01,79,286396,Confirmed,2025-12-02,2025-12-18,2025-12-21,3,16,1,0,0,146.89,41.54,482.21,JPY,AUS,Sydney,app,Web,,,
a896ee3c-1c25-4cd4-ae99-26233219a7a2,21,444359,Confirmed,2025-07-11,2025-08-08,2025-08-14,6,28,2,0,0,177.79,32.07,1098.81,JPY,AUS,Sydney,app,iOS,,,
1fe958da-3d51-4162-b444-d026cf449574,88,150372,Confirmed,2025-08-05,2025-09-09,2025-09-12,3,35,1,1,0,130.00,79.37,469.37,GBP,AUS,Sydney,web,iOS,,,
b7de36e6-eb55-496e-9e79-4b7f069e655e,86,907840,Confirmed,2025-07-02,2025-07-19,2025-07-23,4,17,2,0,0,182.99,77.81,809.77,AED,JPN,Tokyo,web,iOS,,,
3b2a3299-4bbd-488d-8c28-ccfab122bfa0,5,576392,Confirmed,2025-02-12,2025-03-16,2025-03-22,6,32,2,0,0,130.00,50.37,830.37,AED,AUS,Sydney,app,iOS,,,
10218384-0e0f-4f9d-8752-0042930a6c8c,64,338470,Confirmed,2025-01-12,2025-02-03,2025-02-15,12,22,1,0,0,90.00,71.51,1151.51,INR,IND,Mumbai,app,iOS,,,
c4e59bb8-bf73-453a-bb19-1b6b3d43cce9,35,734635,Confirmed,2025-08-16,2025-09-17,2025-09-20,3,32,2,0,0,150.00,32.46,482.46,JPY,UAE,Dubai,app,Web,,,
7b856569-2b07-4aa9-9fb6-957e0d135686,83,475562,Confirmed,2025-08-04,2025-09-09,2025-09-12,3,36,1,0,0,180.00,32.58,572.58,INR,USA,New York,app,Android,,,
39577f98-973d-4b32-8f89-3e49426945b1,39,918134,Confirmed,2025-12-01,2025-12-20,2025-12-28,8,19,2,1,0,165.47,77.93,1401.69,INR,JPN,Tokyo,app,Web,,,
4c16f448-0a35-4be4-988d-b358b7309f60,79,555719,Confirmed,2025-08-10,2025-09-12,2025-09-17,5,33,1,0,0,172.78,50.44,914.34,AUD,FRA,Paris,web,iOS,,,
736cfc4d-ed0a-4e5c-b20e-2b4478498879,32,943847,Confirmed,2025-12-21,2026-01-22,2026-01-28,6,32,2,0,0,160.00,60.77,1020.77,JPY,FRA,Paris,app,iOS,,,
971b9b86-0d71-4ece-879f-c8aa8034bd90,89,995181,Confirmed,2025-02-11,2025-03-07,2025-03-13,6,24,2,0,0,156.56,35.60,974.96,AUD,JPN,Tokyo,app,Android,,,
fdb75329-6adb-4a18-b3b7-329acc5d6f75,29,130485,Confirmed,2025-03-06,2025-03-25,2025-03-27,2,19,1,0,1,180.00,50.65,410.65,AUD,USA,New York,web,Web,,,
c92d53ec-f17f-44f3-9118-d3f94e075b09,87,140815,Confirmed,2025-06-20,2025-07-10,2025-07-14,4,20,2,0,0,221.96,43.82,931.66,AED,USA,New York,app,Android,,,
9fb998c1-ee66-454e-9e4c-8f9b66cdca1b,52,983090,Confirmed,2025-10-19,2025-11-19,2025-11-27,8,31,1,1,0,180.00,34.71,1474.71,AUD,USA,New York,app,Android,,,
75a2e753-ff6e-49f1-abe6-9504f5b4dbc2,48,516845,Confirmed,2025-02-12,2025-03-12,2025-03-17,5,28,2,0,0,180.00,56.84,956.84,EUR,USA,New York,app,iOS,,,
cbd3f03d-1e55-43e7-8509-a390932ee5ea,94,498004,Confirmed,2025-06-14,2025-06-26,2025-07-02,6,12,2,0,0,166.67,54.12,1054.14,GBP,JPN,Tokyo,app,iOS,,,
b87f5314-f18a-4469-a3ef-899c6ff5aa64,27,336681,Confirmed,2025-02-09,2025-03-22,2025-03-24,2,41,2,1,0,199.33,30.99,429.65,USD,USA,New York,web,Web,,,
4938aae6-43e5-48b9-a11d-b44107697f82,100,505713,Confirmed,2025-09-15,2025-10-10,2025-10-18,8,25,1,0,0,192.99,54.78,1598.70,USD,USA,New York,web,iOS,,,
bfe632fc-436f-48cb-94f0-f79d489b0c49,18,637521,Confirmed,2025-06-11,2025-07-07,2025-07-17,10,26,2,0,0,204.83,46.36,2094.66,AED,UK,London,web,Web,,,
3d6e4583-6635-4235-9530-e1af2d45faf2,78,513686,Confirmed,2025-05-05,2025-06-04,2025-06-09,5,30,1,0,0,173.81,78.24,947.29,JPY,JPN,Tokyo,web,Android,,,
3e928dbc-a29c-4bf2-829e-fc5385c85ced,66,216459,Confirmed,2025-05-07,2025-06-03,2025-06-07,4,27,2,0,1,213.09,79.61,931.97,AUD,UK,London,web,Android,,,
46b83c73-8f44-429f-9784-d6ee72454b80,65,372427,Confirmed,2025-06-07,2025-07-04,2025-07-11,7,27,1,0,1,189.07,51.91,1375.40,USD,JPN,Tokyo,partner,iOS,,,
bf948c91-9e38-48a2-8132-3b03816ae96c,1,571132,Confirmed,2025-08-18,2025-09-05,2025-09-09,4,18,2,0,0,139.47,35.63,593.51,AED,AUS,Sydney,app,Web,,,
b847ada3-e0f2-4957-9448-69c1490cb4f0,65,569179,Confirmed,2025-08-23,2025-09-07,2025-09-10,3,15,1,0,0,170.00,71.70,581.70,JPY,UK,London,partner,Android,,,
effb4350-07c3-4bd1-873c-5b161137a052,70,212264,Confirmed,2025-06-09,2025-06-22,2025-06-25,3,13,1,0,1,176.97,78.58,609.49,INR,UAE,Dubai,web,Web,,,
5effbae3-d0b1-42a6-8555-75f50df995f2,85,261551,Confirmed,2025-08-11,2025-08-31,2025-09-02,2,20,2,0,0,155.63,55.24,366.50,GBP,AUS,Sydney,app,Web,,,
e134dc3e-3adf-4b4a-8be9-cda881cadfb8,62,348463,Confirmed,2025-01-17,2025-02-08,2025-02-15,7,22,1,1,0,179.52,31.06,1287.70,AUD,FRA,Paris,app,iOS,,,
c96e42bc-d574-4cd0-bfea-599e9a7d636d,67,898447,Confirmed,2025-12-22,2026-01-15,2026-01-17,2,24,2,0,1,130.00,24.01,284.01,GBP,AUS,Sydney,app,iOS,,,
29e3b91a-cb89-4eb2-81f9-7826daa3bf23,27,945205,Confirmed,2025-12-09,2025-12-31,2026-01-09,9,22,2,0,0,167.69,37.61,1546.82,USD,UAE,Dubai,app,Web,,,
79122c68-0332-408a-b674-e831b2b2388f,61,875844,Confirmed,2025-06-19,2025-07-29,2025-08-10,12,40,1,0,0,206.69,50.67,2530.95,JPY,UK,London,partner,iOS,,,
fec51abb-68c5-4ede-a33f-293c3bdcb6a9,80,483696,Confirmed,2025-12-16,2026-01-18,2026-01-20,2,33,1,0,0,180.00,61.51,421.51,GBP,USA,New York,partner,iOS,,,
67d8df00-0701-40f9-9ca5-8b7d59732c1e,80,390490,Confirmed,2025-01-12,2025-02-09,2025-02-14,5,28,1,1,1,150.00,52.69,802.69,AED,UAE,Dubai,web,iOS,,,
90f20942-dfd2-47dc-aa56-721874b4fe58,73,238555,Confirmed,2025-01-26,2025-02-10,2025-02-18,8,15,1,0,0,170.00,65.09,1425.09,GBP,UK,London,web,Android,,,
4482446a-95e3-46e3-887f-e69f1a2feaa2,24,197058,Confirmed,2025-01-24,2025-02-17,2025-02-18,1,24,2,0,0,130.00,69.42,199.42,JPY,AUS,Sydney,app,Web,,,
a2f2c290-cbc2-41e0-abcc-d655d0930d6b,37,136726,Confirmed,2025-07-22,2025-08-14,2025-08-20,6,23,2,0,0,175.66,51.83,1105.79,GBP,UAE,Dubai,app,Web,,,
eb340c5b-2512-4f8d-b0ac-c9fe0780352f,27,262734,Confirmed,2025-07-25,2025-08-10,2025-08-15,5,16,2,0,0,206.42,77.15,1109.25,GBP,FRA,Paris,partner,iOS,,,
70ef5e4f-49df-4fb9-85de-de0e300a3171,16,571521,Confirmed,2025-09-07,2025-10-07,2025-10-17,10,30,2,0,0,150.00,79.07,1579.07,USD,UAE,Dubai,partner,Android,,,
d339e1ea-a775-483a-90b7-695896b022ad,6,298598,Confirmed,2025-03-22,2025-04-20,2025-04-24,4,29,2,0,0,90.00,39.00,399.00,INR,IND,Mumbai,web,iOS,,,
dfd682e4-59ac-4033-b034-5eaaf7a520ae,4,616979,Confirmed,2025-08-28,2025-09-11,2025-09-21,10,14,2,0,0,150.00,51.68,1551.68,AUD,UAE,Dubai,app,iOS,,,
257f2ad9-926f-408c-a7ff-9ee0fdad6f8d,89,645250,Confirmed,2025-12-14,2026-01-09,2026-01-18,9,26,2,1,0,197.66,63.08,1842.02,AUD,USA,New York,app,iOS,,,
812e1ffb-c3ff-4561-b2c9-bb539386dda5,89,452661,Confirmed,2025-10-23,2025-11-19,2025-11-22,3,27,2,1,0,140.00,70.45,490.45,AUD,JPN,Tokyo,app,iOS,,,
618ba51d-c5fe-41b1-b778-f00eb945c0f0,17,434293,Confirmed,2025-12-09,2026-01-13,2026-01-19,6,35,2,0,0,150.00,66.64,966.64,AUD,UAE,Dubai,web,Web,,,
5d57344c-8352-4d66-af7a-6dfdb98c290a,47,399330,Confirmed,2025-09-01,2025-09-25,2025-09-27,2,24,2,0,0,90.00,36.70,216.70,AUD,IND,Mumbai,web,Android,,,
7672313c-7311-4915-aa72-4ac681acee81,1,154390,Confirmed,2025-08-15,2025-08-31,2025-09-03,3,16,2,0,0,204.24,53.79,666.51,JPY,UK,London,app,Web,,,
ec8d2310-83e3-4ab8-bac1-be3b4cdd36fb,40,760999,Confirmed,2025-06-14,2025-07-04,2025-07-11,7,20,1,0,0,205.20,50.75,1487.15,EUR,UAE,Dubai,app,Android,,,
2fc8ca98-2e5a-4580-9236-4f419ae728fb,100,994045,Confirmed,2025-07-08,2025-08-16,2025-08-20,4,39,2,1,0,208.78,51.03,886.15,EUR,FRA,Paris,web,Web,,,
99e93989-d0aa-45ae-914c-f1ceb8f04f28,47,918317,Confirmed,2025-07-04,2025-07-31,2025-08-07,7,27,1,0,0,216.90,46.25,1564.55,INR,USA,New York,app,Android,,,
35524df2-5ae9-4208-b56f-8a727bffdf4a,69,614099,Confirmed,2025-06-04,2025-07-11,2025-07-15,4,37,2,1,0,177.70,41.17,751.97,AUD,AUS,Sydney,app,Web,,,
52d956dc-1774-4e0d-b1d3-b19b14eff5b4,61,388541,Confirmed,2025-01-22,2025-03-02,2025-03-07,5,39,1,0,0,160.00,68.56,868.56,USD,FRA,Paris,web,Android,,,
a916d315-2350-4808-8d80-1b5ce8d35841,98,628786,Confirmed,2025-07-01,2025-08-04,2025-08-07,3,34,2,0,0,175.42,40.96,567.22,AUD,JPN,Tokyo,web,Android,,,
d60bad79-165e-4560-8399-7862b60c18bd,26,183112,Confirmed,2025-03-12,2025-04-04,2025-04-07,3,23,2,0,0,137.82,68.03,481.49,INR,AUS,Sydney,partner,iOS,,,
859dafaf-10ab-46f1-ab3a-71400533ea1b,48,749184,Confirmed,2025-08-13,2025-09-14,2025-09-21,7,32,1,0,1,160.00,59.11,1179.11,USD,FRA,Paris,web,Web,,,
2b7b4d84-962e-4b28-9f21-f68bcd810c70,9,238189,Confirmed,2025-08-16,2025-09-23,2025-09-28,5,38,1,1,0,180.00,28.07,928.07,AUD,USA,New York,app,Android,,,
d0bd5d32-8f77-4ea3-8eb7-065c61ec0868,80,578522,Confirmed,2025-10-15,2025-11-21,2025-11-24,3,37,2,0,0,179.88,56.33,595.97,JPY,FRA,Paris,app,iOS,,,
6f5a2ab6-06d7-4c7a-b395-c58641e5d15d,98,532195,Confirmed,2025-08-10,2025-09-05,2025-09-08,3,26,1,0,0,181.90,75.53,621.23,AUD,UK,London,app,Web,,,
e691612b-9c4c-4e9f-bdd4-8e650d0c77ab,50,844013,Confirmed,2025-08-18,2025-09-21,2025-10-01,10,34,2,0,0,160.00,55.95,1655.95,AUD,FRA,Paris,partner,Web,,,
3dd034cb-4162-44da-8c89-1987eee77ebc,99,305810,Confirmed,2025-07-11,2025-07-21,2025-07-27,6,10,2,0,0,160.43,20.31,982.89,INR,AUS,Sydney,partner,iOS,,,
d8ad8029-484d-428f-9798-40fbceebae1a,72,318953,Confirmed,2025-08-25,2025-09-10,2025-09-13,3,16,2,1,0,150.00,41.04,491.04,GBP,UAE,Dubai,app,Web,,,
76b6a545-1839-4e55-b3f8-5a322f2e3145,41,236267,Confirmed,2025-06-24,2025-07-21,2025-07-28,7,27,1,0,0,107.45,30.62,782.77,GBP,IND,Mumbai,web,Android,,,
2404558a-7be4-48b8-be13-fc5631e961af,38,301041,Confirmed,2025-12-10,2026-01-05,2026-01-09,4,26,2,0,0,140.00,65.13,625.13,GBP,JPN,Tokyo,web,iOS,,,
fb93e7dc-5d2f-4ecf-af98-5ff43291fb11,6,570164,Confirmed,2025-10-13,2025-11-18,2025-11-24,6,36,2,0,0,130.00,36.94,816.94,INR,AUS,Sydney,app,iOS,,,
d5d43051-20ef-4880-a1ab-cc288385f5fd,97,592013,Confirmed,2025-01-02,2025-01-26,2025-02-02,7,24,1,0,0,170.00,70.63,1260.63,AUD,UK,London,app,Android,,,
3a0056df-fe17-4836-9f7d-9e446e96c888,69,733872,Confirmed,2025-12-01,2026-01-04,2026-01-16,12,34,1,0,0,90.00,76.80,1156.80,EUR,IND,Mumbai,app,Android,,,
865d9f77-81b1-4855-bfb3-56700b707fbf,54,184327,Confirmed,2025-12-14,2026-01-16,2026-01-19,3,33,1,0,0,100.52,35.79,337.35,AUD,IND,Mumbai,app,Android,,,
9c333a6a-8456-4805-ba64-9473ef0cc432,44,613706,Confirmed,2025-07-17,2025-08-06,2025-08-07,1,20,1,0,0,179.08,32.14,211.22,EUR,UAE,Dubai,web,Android,,,
9cb933c0-f8ac-43a1-8752-020d9458a21e,38,459284,Confirmed,2025-07-11,2025-08-04,2025-08-06,2,24,1,0,0,233.65,49.01,516.31,AED,USA,New York,app,Android,,,
98501589-bb9b-4eed-89ba-cb7958ba90f0,65,450580,Confirmed,2025-05-11,2025-06-06,2025-06-13,7,26,1,0,0,206.99,33.80,1482.73,AED,UAE,Dubai,web,iOS,,,
7e0c759b-3af5-4116-8412-45bcc7240844,4,786786,Confirmed,2025-02-25,2025-03-31,2025-04-02,2,34,2,0,0,170.00,74.65,414.65,JPY,UK,London,app,Android,,,
62fad292-c162-487e-a65b-ff3af3a4d795,50,702299,Confirmed,2025-09-16,2025-10-04,2025-10-08,4,18,2,0,0,171.18,52.33,737.05,USD,FRA,Paris,web,iOS,,,
e25404df-5c9c-47d4-8b35-dbba72249c80,59,570150,Confirmed,2025-07-03,2025-08-04,2025-08-07,3,32,2,0,0,100.06,62.27,362.45,GBP,IND,Mumbai,app,iOS,,,
e1f6a90c-8500-477d-b26a-432cbaf3c967,56,522195,Confirmed,2025-09-22,2025-10-26,2025-10-31,5,34,1,0,0,180.00,59.94,959.94,GBP,USA,New York,web,Android,,,
61a0cf83-42e0-4a26-ba79-e2b8f7c5e366,69,101699,Confirmed,2025-11-06,2025-11-28,2025-12-02,4,22,2,0,0,159.60,26.51,664.91,GBP,JPN,Tokyo,app,iOS,,,
51d384c8-2507-4cdc-9834-df272208706b,61,630913,Confirmed,2025-12-02,2026-01-05,2026-01-14,9,34,2,0,0,180.00,78.22,1698.22,GBP,USA,New York,app,Android,,,
3ccb5d8f-f14a-4bc2-ae0b-359f63153aee,93,588236,Confirmed,2025-08-21,2025-09-18,2025-09-21,3,28,1,1,0,90.00,56.50,326.50,GBP,IND,Mumbai,web,Android,,,
08a8202d-3c44-4e94-98ef-056f28c900a1,70,761493,Confirmed,2025-04-08,2025-04-28,2025-05-03,5,20,1,0,0,160.00,74.51,874.51,AUD,FRA,Paris,web,Web,,,
216d4ea2-32d9-45fc-ba6d-5dc5072f44aa,88,246552,Confirmed,2025-05-17,2025-06-04,2025-06-08,4,18,1,0,0,201.88,34.32,841.84,AUD,FRA,Paris,app,Android,,,
f7949518-8cce-412a-bd56-36b3305aab86,86,589872,Confirmed,2025-12-27,2026-01-05,2026-01-13,8,9,1,0,0,90.00,68.80,788.80,JPY,IND,Mumbai,app,Android,,,
4bb81485-2cda-4d6d-83be-7abdfedca11c,43,499596,Confirmed,2025-08-17,2025-09-10,2025-09-13,3,24,2,0,0,170.00,44.65,554.65,AED,UK,London,app,iOS,,,
bb4089eb-2789-414c-be68-c9590865b9a6,17,968912,Confirmed,2025-08-04,2025-08-30,2025-08-31,1,26,2,0,0,186.72,77.58,264.30,INR,UAE,Dubai,app,Web,,,
189cd737-3d1f-4dc5-920f-4037d0815386,97,191991,Confirmed,2025-08-09,2025-08-30,2025-09-03,4,21,2,0,0,182.94,78.57,810.33,GBP,UAE,Dubai,app,iOS,,,
06ff6a5f-d255-498b-8a19-869eb626adaa,65,744528,Confirmed,2025-08-14,2025-09-17,2025-09-26,9,34,1,0,0,150.00,67.60,1417.60,AED,UAE,Dubai,app,iOS,,,
c0f8d0cc-8b45-43ba-a571-db986e64734b,80,629936,Confirmed,2025-05-01,2025-06-13,2025-06-19,6,43,2,1,0,189.43,48.89,1185.47,JPY,UAE,Dubai,web,Web,,,
a704cbd8-0fae-4b25-84d3-f657ba628290,100,712091,Confirmed,2025-12-27,2026-01-09,2026-01-19,10,13,1,0,1,201.68,49.23,2066.03,EUR,USA,New York,app,Android,,,
facdd6e3-d269-4786-abd3-0b148ee6e9a2,10,441254,Confirmed,2025-08-15,2025-09-14,2025-09-22,8,30,2,1,0,180.00,25.73,1465.73,AED,USA,New York,web,iOS,,,
58782414-fe5d-4873-9977-20b5bf66842e,95,192119,Confirmed,2025-10-26,2025-11-13,2025-11-19,6,18,1,1,0,160.00,22.10,982.10,INR,FRA,Paris,app,Android,,,
c063e6ff-787e-4992-99fb-bf4e70f389e0,59,788557,Confirmed,2025-05-04,2025-05-20,2025-05-23,3,16,2,0,0,130.00,44.98,434.98,AED,AUS,Sydney,web,Android,,,
3c72831b-5737-4b21-b5d5-6185a9a9fb4e,10,803575,Confirmed,2025-08-15,2025-08-27,2025-08-31,4,12,2,0,0,222.12,78.20,966.68,EUR,USA,New York,web,iOS,,,
e04ef7f3-d080-4636-a66c-287fd06f076a,10,551358,Confirmed,2025-08-28,2025-09-26,2025-10-04,8,29,1,0,0,201.38,30.85,1641.89,GBP,USA,New York,app,Android,,,
07b50ed2-6041-49de-ac43-9ecdc0d7f335,1,842592,Confirmed,2025-01-17,2025-02-05,2025-02-14,9,19,2,0,0,160.00,33.22,1473.22,USD,FRA,Paris,app,iOS,,,
1844d406-d2f3-4d66-b780-3460b523d939,5,334923,Confirmed,2025-07-15,2025-07-27,2025-08-03,7,12,1,0,0,161.25,79.52,1208.27,AUD,AUS,Sydney,app,Web,,,
df476fd6-21b3-4270-87f2-1f89b51c95e8,61,920717,Confirmed,2025-12-06,2025-12-27,2026-01-01,5,21,1,0,0,175.77,66.83,945.68,USD,AUS,Sydney,partner,Android,,,
cc97fb9b-34f0-4cfd-90d7-7476ba1a66fb,27,153109,Confirmed,2025-06-14,2025-07-10,2025-07-15,5,26,2,0,0,100.07,55.24,555.59,USD,IND,Mumbai,app,iOS,,,
921c7b6a-06cb-4d1f-be4f-d934059419e1,44,997821,Confirmed,2025-12-07,2026-01-04,2026-01-15,11,28,1,1,0,180.00,44.11,2024.11,AUD,USA,New York,app,iOS,,,
7a18cee2-4062-4900-95b7-a783dff9d120,88,924464,Confirmed,2025-08-05,2025-09-14,2025-09-22,8,40,1,1,0,130.00,33.54,1073.54,EUR,AUS,Sydney,web,Android,,,
7bcef0a1-77c5-4189-b93e-82896c1738b5,89,650002,Confirmed,2025-05-06,2025-06-04,2025-06-14,10,29,1,1,0,178.32,43.03,1826.23,INR,JPN,Tokyo,web,Android,,,
9ad725c6-9cfa-4f2c-9049-32f9af6eaf05,88,193980,Confirmed,2025-11-01,2025-11-27,2025-12-05,8,26,2,0,0,90.00,57.20,777.20,AUD,IND,Mumbai,web,Android,,,
e29842dc-2e71-46d3-b165-d356d37d112f,2,190442,Confirmed,2025-12-11,2025-12-29,2026-01-02,4,18,2,0,0,116.03,69.25,533.37,JPY,IND,Mumbai,app,Android,,,
98aebe75-62ec-40c2-8fb5-63a4da179678,50,414593,Confirmed,2025-08-05,2025-08-18,2025-08-23,5,13,1,0,0,110.10,69.97,620.47,AED,IND,Mumbai,web,Web,,,
277f45b6-1945-4d41-bbee-bbfc203d5f79,81,277285,Confirmed,2025-12-14,2026-01-03,2026-01-12,9,20,1,1,0,100.11,71.59,972.58,AUD,IND,Mumbai,app,Android,,,
4b096740-402e-4cad-8938-c3e367313dbe,90,439552,Confirmed,2025-12-13,2026-01-21,2026-01-25,4,39,1,0,0,130.00,64.27,584.27,USD,AUS,Sydney,web,iOS,,,
483974fc-1956-4f27-a8b6-54f9e40b0cc6,69,561560,Confirmed,2025-08-19,2025-09-22,2025-09-25,3,34,2,0,1,130.00,23.72,413.72,USD,AUS,Sydney,web,iOS,,,
15f83851-fc8a-45c0-9622-cd91526fa300,97,306125,Confirmed,2025-11-18,2025-12-26,2025-12-30,4,38,2,0,0,217.61,39.70,910.14,USD,FRA,Paris,app,Web,,,
62f0e33a-0fcb-43d0-8811-336d025e39a1,100,644225,Confirmed,2025-07-25,2025-08-22,2025-08-26,4,28,1,0,0,168.15,58.90,731.50,EUR,JPN,Tokyo,partner,iOS,,,
4439b08c-74d5-4f2d-9601-2867fe76efcc,40,426655,Confirmed,2025-12-10,2025-12-25,2025-12-29,4,15,2,1,0,152.44,40.43,650.19,AED,AUS,Sydney,partner,Web,,,
5c9469bd-7297-40a6-b14d-33d7e3403c4b,55,916061,Confirmed,2025-07-25,2025-08-19,2025-08-24,5,25,2,0,0,176.80,28.77,912.77,INR,UAE,Dubai,web,Android,,,
f4f554f4-7db3-464c-b215-ea5464ff0504,67,262951,Confirmed,2025-12-18,2026-01-21,2026-01-26,5,34,1,0,0,90.00,68.46,518.46,INR,IND,Mumbai,app,Android,,,
28313198-cd18-46fd-bbab-661bf1e06bf5,89,254464,Confirmed,2025-04-04,2025-04-21,2025-04-23,2,17,1,0,0,140.00,50.06,330.06,EUR,JPN,Tokyo,app,Web,,,
c581d8f8-0e0d-4063-a039-1f2267c82b09,41,151978,Confirmed,2025-08-15,2025-09-17,2025-09-20,3,33,1,0,0,130.00,63.80,453.80,JPY,AUS,Sydney,web,Android,,,
9df078ae-9119-40fd-a41a-f061a1286e28,98,335562,Confirmed,2025-02-23,2025-03-20,2025-03-23,3,25,1,1,0,180.00,22.60,562.60,INR,USA,New York,app,Web,,,
f7895b47-ebad-460d-8994-ed0c4a111325,33,298594,Confirmed,2025-10-11,2025-10-29,2025-10-31,2,18,1,0,0,180.00,54.77,414.77,JPY,USA,New York,app,Android,,,
4110a990-6d69-4cf0-af0a-d0fdd2c37410,95,805421,Confirmed,2025-10-10,2025-11-06,2025-11-12,6,27,1,0,0,170.00,24.66,1044.66,AUD,UK,London,app,iOS,,,
d3bff6e2-a21e-4116-b70e-dbc9621444e8,19,785977,Confirmed,2025-06-02,2025-06-22,2025-06-25,3,20,2,0,0,218.09,28.64,682.91,EUR,USA,New York,partner,iOS,,,
4a8eb046-65b7-4a58-a410-b7c6b7647e75,29,631365,Confirmed,2025-04-25,2025-05-18,2025-05-27,9,23,1,0,0,150.00,35.44,1385.44,INR,UAE,Dubai,app,Android,,,
fe6d8a82-53ac-453d-a37f-e1c783d281f2,92,512066,Confirmed,2025-12-18,2025-12-28,2025-12-30,2,10,2,0,0,111.69,67.09,290.47,AED,IND,Mumbai,app,Android,,,
5cca7af0-f749-4eec-8abc-934be94fb9a5,78,230133,Confirmed,2025-12-26,2026-01-25,2026-02-02,8,30,1,1,0,180.00,55.81,1495.81,AED,USA,New York,app,Web,,,
37b3adf9-6912-4e87-a867-7a8da58aa064,21,211984,Confirmed,2025-11-06,2025-12-07,2025-12-12,5,31,2,0,0,183.75,22.71,941.46,JPY,FRA,Paris,web,iOS,,,
d2201f1f-5fc2-4f56-8822-1bd5541474e6,13,193126,Confirmed,2025-05-17,2025-05-30,2025-06-09,10,13,2,1,0,150.17,49.90,1551.60,AED,JPN,Tokyo,app,Android,,,
85a634d7-7b0b-486a-ace5-2b849fd92ffd,11,242312,Confirmed,2025-06-02,2025-06-30,2025-07-11,11,28,1,0,0,115.70,71.81,1344.51,EUR,IND,Mumbai,app,iOS,,,
ba349b74-8657-4850-8e2e-ac9c4e782e18,99,858958,Confirmed,2025-08-07,2025-08-29,2025-09-06,8,22,2,1,0,211.21,79.43,1769.11,AUD,UK,London,partner,Web,,,
05e023df-35df-4875-a90e-bb0d6c4071fc,18,387353,Confirmed,2025-12-10,2025-12-25,2025-12-29,4,15,1,0,0,189.16,78.12,834.76,AUD,UK,London,web,Android,,,
13387121-aa8b-4a8a-ad7a-b5ff9dd4986f,22,411866,Confirmed,2025-12-01,2026-01-06,2026-01-09,3,36,2,0,0,140.00,62.81,482.81,INR,JPN,Tokyo,partner,iOS,,,
9edf983e-f1a2-4724-a15c-6776f2d083c0,44,885771,Confirmed,2025-07-02,2025-07-16,2025-07-21,5,14,2,1,0,191.22,51.52,1007.62,INR,UAE,Dubai,app,Android,,,
93226776-ae07-4215-b26d-5747460ebafe,41,924405,Confirmed,2025-12-20,2026-01-17,2026-01-24,7,28,2,0,0,160.97,42.77,1169.56,GBP,JPN,Tokyo,app,Web,,,
08cf50f3-6a86-4c8c-9e2c-7d004c8c59c5,78,187011,Confirmed,2025-12-03,2026-01-08,2026-01-11,3,36,2,1,0,140.00,62.14,482.14,AUD,JPN,Tokyo,partner,Android,,,
f6ea33e9-27d4-4d8b-9e5a-137d45231b83,31,536543,Confirmed,2025-12-20,2026-01-07,2026-01-15,8,18,2,0,0,140.00,55.82,1175.82,GBP,JPN,Tokyo,web,Web,,,
ed0ab1c6-90bc-4d06-a891-875ba94ade4d,51,214670,Confirmed,2025-08-12,2025-09-11,2025-09-17,6,30,2,0,0,170.00,26.30,1046.30,JPY,UK,London,app,Web,,,
640dceac-6f57-4521-82db-b92fac764b90,44,545990,Confirmed,2025-02-20,2025-03-16,2025-03-21,5,24,1,1,0,140.00,38.22,738.22,INR,JPN,Tokyo,web,Android,,,
d32a56fa-8d0e-4543-b3fa-ccad5f64a014,71,240650,Confirmed,2025-10-22,2025-11-29,2025-12-01,2,38,2,1,0,184.73,66.87,436.33,INR,UK,London,app,Web,,,
074f4d39-e565-4dd1-bbcc-bcd046ac2605,21,498088,Confirmed,2025-08-10,2025-08-30,2025-09-05,6,20,2,0,1,189.85,51.14,1190.24,JPY,UAE,Dubai,app,iOS,,,
21039022-b841-47c1-9f89-e9dd5caa7a42,53,353521,Confirmed,2025-08-23,2025-09-21,2025-09-23,2,29,1,0,0,180.00,38.56,398.56,AUD,USA,New York,web,Android,,,
41a0601e-233b-4d2a-ae5b-b7009e11025f,34,527842,Confirmed,2025-08-10,2025-09-07,2025-09-10,3,28,1,0,0,150.00,37.00,487.00,INR,UAE,Dubai,app,Web,,,
5265ecfb-f7bb-489b-80c0-2076aef230ff,3,959629,Confirmed,2025-07-12,2025-08-02,2025-08-07,5,21,2,0,1,252.60,78.57,1341.57,INR,USA,New York,app,Web,,,
b93daf85-d083-4d73-84cc-d3aa8b2bd32a,14,523558,Confirmed,2025-07-11,2025-08-19,2025-08-22,3,39,1,0,1,177.71,56.77,589.90,AUD,UAE,Dubai,app,Web,,,
79b91faa-3d94-4697-91b7-de6e9adbf998,46,453081,Confirmed,2025-07-03,2025-08-08,2025-08-14,6,36,1,0,0,164.25,31.40,1016.90,AUD,AUS,Sydney,web,iOS,,,
17d76fb2-146f-4c6d-8d58-d9941ac8f527,17,507448,Confirmed,2025-06-05,2025-07-07,2025-07-14,7,32,2,0,0,175.88,67.63,1298.79,GBP,JPN,Tokyo,web,iOS,,,
bd78ff40-2572-4377-97c9-d50147f7cbee,86,511528,Confirmed,2025-07-21,2025-08-17,2025-08-30,13,27,2,0,0,210.47,56.36,2792.47,AUD,USA,New York,app,iOS,,,
db9bdac1-edbe-428f-9825-b311d2927503,56,301775,Confirmed,2025-07-28,2025-08-22,2025-08-29,7,25,1,1,0,114.72,37.26,840.30,GBP,IND,Mumbai,app,Android,,,
954ae370-f71f-4934-95b3-93b061ef67aa,4,557630,Confirmed,2025-08-03,2025-09-06,2025-09-08,2,34,2,0,0,103.33,35.93,242.59,AED,IND,Mumbai,app,iOS,,,
124cd7bf-42ff-4373-8881-a9111e28cd2d,100,121873,Confirmed,2025-12-14,2026-01-14,2026-01-21,7,31,1,0,0,160.00,27.23,1147.23,USD,FRA,Paris,app,Web,,,
594d647d-78ea-4c6f-b998-145cf85ead9b,36,758077,Confirmed,2025-07-21,2025-08-07,2025-08-14,7,17,1,0,0,193.34,38.35,1391.73,GBP,FRA,Paris,web,iOS,,,
02358138-d296-4233-a800-a2e227fc3c93,64,731604,Confirmed,2025-06-06,2025-06-21,2025-06-29,8,15,1,1,0,108.23,68.17,934.01,AED,IND,Mumbai,web,Web,,,
c38d9d23-3bc2-4d1d-a624-db155f5dc3d9,43,538257,Confirmed,2025-08-23,2025-09-19,2025-09-23,4,27,2,0,0,178.85,29.29,744.69,AED,UK,London,app,iOS,,,
2d459f6e-e04f-41b2-a22b-d315c3cd3d0d,67,571090,Confirmed,2025-10-27,2025-11-26,2025-11-30,4,30,2,0,0,150.00,53.04,653.04,AUD,UAE,Dubai,web,iOS,,,
556abd39-1ac2-4bbc-ab7d-e5e4ded938f9,3,482639,Confirmed,2025-08-15,2025-09-21,2025-09-22,1,37,2,1,1,160.00,69.57,229.57,GBP,FRA,Paris,app,Web,,,
24976c7c-a97a-4148-9c97-596c8b7c930b,63,842995,Confirmed,2025-07-21,2025-08-31,2025-09-08,8,41,1,1,0,188.37,61.30,1568.26,AUD,FRA,Paris,app,iOS,,,
a46b0425-4d1d-4cc3-a8f1-4cf0679c0e09,11,133759,Confirmed,2025-06-23,2025-07-27,2025-08-03,7,34,1,1,1,218.06,28.50,1554.92,JPY,UK,London,app,iOS,,,
803f7a15-73ca-4474-bc75-22ab767df136,24,336982,Confirmed,2025-12-12,2026-01-06,2026-01-14,8,25,1,1,0,150.00,60.56,1260.56,GBP,UAE,Dubai,app,iOS,,,
6efb846b-cea7-4e83-825b-3e2328bfcceb,79,257993,Confirmed,2025-08-24,2025-09-04,2025-09-06,2,11,2,0,0,180.00,79.39,439.39,JPY,USA,New York,app,Android,,,
12e7a061-ff42-495c-8165-060f8e8ef860,13,422203,Confirmed,2025-12-11,2026-01-13,2026-01-16,3,33,1,0,0,180.00,62.00,602.00,AED,USA,New York,app,iOS,,,
391b4be5-43fb-4c0f-8bb7-5182abb2bd44,85,178743,Confirmed,2025-10-11,2025-11-02,2025-11-05,3,22,2,0,0,130.00,72.15,462.15,AUD,AUS,Sydney,web,Android,,,
61605fbb-78ce-431f-bec0-fda20164819b,32,877924,Confirmed,2025-08-27,2025-09-09,2025-09-21,12,13,2,0,0,170.00,77.38,2117.38,EUR,UK,London,app,Android,,,
21f28cbf-4798-48ed-ba4c-8adec9012f45,1,492522,Confirmed,2025-12-21,2026-01-08,2026-01-14,6,18,1,0,0,160.00,56.85,1016.85,USD,FRA,Paris,web,Android,,,
98921da9-fba1-4263-bbc0-c3769fbff7dc,11,941840,Confirmed,2025-04-12,2025-05-07,2025-05-17,10,25,1,0,0,160.00,67.26,1667.26,JPY,FRA,Paris,web,Web,,,
20076a89-a3af-4b6c-bf84-a1055be2782a,79,189591,Confirmed,2025-08-16,2025-09-22,2025-10-01,9,37,2,0,0,90.00,62.73,872.73,AED,IND,Mumbai,partner,Web,,,
99180959-fdd3-45fe-ad0e-d362327cffe3,47,372762,Confirmed,2025-07-13,2025-07-25,2025-07-27,2,12,1,1,0,123.77,33.96,281.50,JPY,IND,Mumbai,app,iOS,,,
1e57e9ff-3baf-4bfa-9c72-1ae877ab434c,84,818110,Confirmed,2025-07-03,2025-08-01,2025-08-09,8,29,2,0,0,111.49,29.10,921.02,AUD,IND,Mumbai,app,iOS,,,
5acaca4b-e153-40e0-b5c7-e006cee12c73,28,778326,Confirmed,2025-12-26,2026-01-25,2026-01-27,2,30,1,0,0,160.00,20.18,340.18,JPY,FRA,Paris,app,iOS,,,
5eca2a81-1f36-4739-96ac-c286fa4aa8ae,88,435142,Confirmed,2025-07-05,2025-07-31,2025-08-01,1,26,1,0,0,168.54,61.57,230.11,GBP,AUS,Sydney,app,Android,,,
0863f152-1994-4d63-a6ff-37f3db7373b7,92,355080,Confirmed,2025-08-12,2025-09-04,2025-09-07,3,23,2,0,0,160.00,36.63,516.63,USD,FRA,Paris,app,iOS,,,
ae0f1288-828e-4c04-9998-64be62527bae,28,956962,Confirmed,2025-01-05,2025-02-01,2025-02-06,5,27,1,0,0,167.36,50.20,887.00,USD,UAE,Dubai,web,Android,,,
5d8c6879-ae22-4479-b8ca-6378ed1cb33c,18,929807,Confirmed,2025-06-16,2025-07-12,2025-07-18,6,26,1,0,0,164.69,60.70,1048.84,JPY,AUS,Sydney,app,iOS,,,
a97b1000-c7d3-4762-9dcd-f368121e16d7,60,691128,Confirmed,2025-12-09,2026-01-02,2026-01-03,1,24,1,0,0,149.49,65.23,214.72,INR,JPN,Tokyo,web,iOS,,,
34d02ea8-07d3-4527-8665-833c7e927cd6,68,438643,Confirmed,2025-06-06,2025-07-09,2025-07-19,10,33,2,0,0,116.84,52.71,1221.11,EUR,IND,Mumbai,app,Web,,,
fe9e9585-9822-4af7-9f31-894938e21c1f,18,650317,Confirmed,2025-08-15,2025-09-04,2025-09-06,2,20,1,0,0,130.00,72.95,332.95,AED,AUS,Sydney,partner,Web,,,
4862d958-ff85-41ab-906a-490716b2e0e9,48,447759,Confirmed,2025-12-02,2025-12-16,2025-12-19,3,14,1,0,1,214.22,52.24,694.90,INR,UK,London,app,iOS,,,
8e670cbe-c8a1-4ebe-af71-a25951f38132,43,565792,Confirmed,2025-11-06,2025-12-08,2025-12-11,3,32,1,1,0,116.32,24.78,373.74,INR,IND,Mumbai,app,Web,,,
0504e609-dfb7-47c9-a9d5-f8ae9b4a4877,44,586825,Confirmed,2025-07-10,2025-08-11,2025-08-13,2,32,1,1,0,159.88,68.67,388.43,EUR,JPN,Tokyo,web,iOS,,,
3638d1f3-61a2-4476-8af0-903fcb9d2d60,32,548744,Confirmed,2025-07-25,2025-08-15,2025-08-19,4,21,1,0,0,192.02,79.00,847.08,GBP,JPN,Tokyo,app,Web,,,
fdb1520f-0832-4f39-83d4-2e97318af665,72,488835,Confirmed,2025-07-04,2025-07-14,2025-07-17,3,10,1,0,0,210.46,58.26,689.64,USD,UK,London,partner,Android,,,
4cf24b7e-bc9c-4071-b09b-482f03463300,29,462322,Confirmed,2025-12-08,2026-01-08,2026-01-12,4,31,1,1,0,150.00,31.25,631.25,AED,UAE,Dubai,app,Android,,,
6bdd2501-f1b7-4ab8-adc5-aae39afc50c1,40,706516,Confirmed,2025-02-05,2025-03-01,2025-03-09,8,24,1,0,0,165.36,51.64,1374.52,INR,UAE,Dubai,web,iOS,,,
c336f3f6-6d53-4eb0-bd20-ce5df75dbb95,60,844041,Confirmed,2025-07-02,2025-07-22,2025-07-26,4,20,1,0,1,181.24,32.47,757.43,GBP,JPN,Tokyo,partner,Android,,,
87bdff38-18b8-416f-b9f2-dd5fdf82c05b,67,878766,Confirmed,2025-12-14,2026-01-04,2026-01-06,2,21,2,0,0,150.00,34.71,334.71,AED,UAE,Dubai,app,iOS,,,
eed76941-e498-467b-aa27-ed764ce675da,53,600020,Confirmed,2025-12-23,2026-01-19,2026-01-22,3,27,1,0,0,160.00,62.00,542.00,AUD,FRA,Paris,app,iOS,,,
4fa3ca57-c721-4eba-8ab5-302178936c72,72,973955,Confirmed,2025-04-17,2025-05-25,2025-06-01,7,38,2,0,0,130.00,43.97,953.97,AED,AUS,Sydney,app,Android,,,
3569c72b-121b-481b-8154-a22f13080685,67,610074,Confirmed,2025-07-12,2025-08-10,2025-08-15,5,29,1,0,0,217.29,59.26,1145.71,EUR,UK,London,web,iOS,,,
6d39098a-d46f-4af4-929a-a7e97bff6c34,14,773234,Confirmed,2025-07-05,2025-07-31,2025-08-07,7,26,1,0,0,186.15,78.16,1381.21,AED,UAE,Dubai,app,Android,,,
78046498-f7c9-45d4-b5e7-f484f038e807,100,404800,Confirmed,2025-08-14,2025-09-11,2025-09-15,4,28,2,0,0,180.00,27.75,747.75,GBP,USA,New York,app,iOS,,,
5e2747c0-1e80-4028-b00c-e25f9c8b74de,55,229456,Confirmed,2025-08-18,2025-09-12,2025-09-15,3,25,2,0,0,178.46,76.39,611.77,JPY,FRA,Paris,app,iOS,,,
45188f6a-6d1e-46ec-82ee-d59441d86d97,69,289576,Confirmed,2025-08-18,2025-09-05,2025-09-08,3,18,2,0,0,158.70,21.44,497.54,AUD,UAE,Dubai,web,iOS,,,
07dbb720-c02f-4f86-9fea-aab5e145acd5,98,633577,Confirmed,2025-08-15,2025-09-03,2025-09-06,3,19,1,1,0,130.00,66.44,456.44,AUD,AUS,Sydney,app,iOS,,,
13bac94a-d8d9-4644-b2e2-13dbf0120206,14,151532,Confirmed,2025-08-19,2025-09-17,2025-09-20,3,29,1,0,0,170.00,39.31,549.31,AUD,UK,London,web,Android,,,
28dd0c96-ed78-4cb3-844a-174f134f1bc2,93,142805,Confirmed,2025-08-20,2025-09-27,2025-09-30,3,38,2,1,0,143.50,33.72,464.22,EUR,AUS,Sydney,web,iOS,,,
e67f288f-6625-42a4-a16f-f9f9586023f0,51,110860,Confirmed,2025-08-13,2025-09-16,2025-09-23,7,34,1,0,0,130.00,74.05,984.05,USD,AUS,Sydney,partner,Android,,,
00881cf8-6044-4e8f-a012-27dbbedcab38,56,127585,Confirmed,2025-04-28,2025-05-28,2025-06-07,10,30,2,0,0,140.00,55.06,1455.06,USD,JPN,Tokyo,partner,Android,,,
82e051bf-0423-47a1-8543-adc03d095cf5,23,597498,Confirmed,2025-04-26,2025-05-26,2025-05-29,3,30,2,0,0,150.00,43.35,493.35,EUR,UAE,Dubai,app,Android,,,
fc8c0f76-7026-4bba-9834-ac3ca3ed5d72,35,531396,Confirmed,2025-08-21,2025-09-11,2025-09-14,3,21,2,1,0,130.00,50.69,440.69,AED,AUS,Sydney,web,Android,,,
ac5e82f3-8e56-49d4-a2dd-452d2ce712e9,80,662738,Confirmed,2025-12-03,2026-01-14,2026-01-15,1,42,1,0,0,160.00,39.44,199.44,AUD,FRA,Paris,web,Web,,,
0ba77a55-a0cb-42fa-9380-7551b68aef90,75,671810,Confirmed,2025-12-22,2026-01-14,2026-01-22,8,23,2,1,0,140.00,27.93,1147.93,EUR,JPN,Tokyo,app,iOS,,,
f9f5abee-98fc-4209-ae64-38c5b1ca7207,92,130415,Confirmed,2025-02-27,2025-04-06,2025-04-11,5,38,1,0,1,130.00,67.69,717.69,INR,AUS,Sydney,app,Web,,,
db5ae35c-7ea8-4063-8f02-59a20d88b8ae,69,954309,Confirmed,2025-07-15,2025-07-29,2025-08-01,3,14,1,0,0,101.84,37.47,342.99,USD,IND,Mumbai,app,Android,,,
07093bfb-4b5c-47fc-aff2-01fc6616ba67,20,305084,Confirmed,2025-12-18,2026-01-27,2026-02-01,5,40,2,0,0,160.00,45.04,845.04,EUR,FRA,Paris,app,iOS,,,
49576fb5-c82f-45f4-a85c-d8762dcdb6f1,77,503113,Confirmed,2025-06-11,2025-07-07,2025-07-13,6,26,2,0,1,174.69,68.04,1116.18,AUD,UAE,Dubai,web,Android,,,
368c7e1b-f9aa-4b57-88ba-2c6465b90068,18,521142,Confirmed,2025-06-16,2025-07-21,2025-07-23,2,35,2,0,0,163.27,29.24,355.78,GBP,JPN,Tokyo,app,iOS,,,
583a5e1e-0d7d-440c-947e-91794707b870,92,924756,Confirmed,2025-07-13,2025-08-22,2025-08-28,6,40,2,1,0,199.71,69.59,1267.85,GBP,UAE,Dubai,app,iOS,,,
27cd26b9-7797-4090-8ca2-1df9b39d98ee,67,462433,Confirmed,2025-07-28,2025-09-02,2025-09-09,7,36,1,1,0,160.00,60.58,1180.58,GBP,FRA,Paris,web,iOS,,,
e27c4919-d275-4cae-adb0-da069e97efbd,12,556059,Confirmed,2025-08-14,2025-09-10,2025-09-13,3,27,1,0,0,90.00,46.50,316.50,USD,IND,Mumbai,web,Android,,,
95c41544-0a49-438f-97d1-92b94dadcefa,27,568706,Confirmed,2025-08-10,2025-09-03,2025-09-07,4,24,1,0,0,140.00,62.57,622.57,INR,JPN,Tokyo,app,Android,,,
de6516d2-c755-475b-82f9-2de76c867069,41,789575,Confirmed,2025-03-16,2025-04-14,2025-04-18,4,29,2,1,0,160.00,43.39,683.39,AED,FRA,Paris,app,Web,,,
2e365cd2-f472-499c-8b6f-def9b6544fbf,54,604445,Confirmed,2025-10-15,2025-11-17,2025-11-24,7,33,1,0,0,160.00,25.48,1145.48,AED,FRA,Paris,app,iOS,,,
df0db35b-2c5d-4d8a-af05-611c0f010549,70,760567,Confirmed,2025-12-21,2026-01-14,2026-01-22,8,24,1,0,0,150.00,63.31,1263.31,JPY,UAE,Dubai,app,iOS,,,
744b2f18-5c9e-42ac-a970-b9da70496b23,100,879524,Confirmed,2025-12-18,2026-01-24,2026-02-02,9,37,2,0,0,205.86,32.35,1885.09,AED,USA,New York,web,iOS,,,
a70d1001-9fe7-4e94-a6da-1aa06d069855,83,206692,Confirmed,2025-08-17,2025-09-09,2025-09-17,8,23,1,0,0,140.00,44.48,1164.48,GBP,JPN,Tokyo,app,iOS,,,
2db7784d-8116-4d4a-aab0-c6d9a79684ff,83,537014,Confirmed,2025-08-12,2025-09-11,2025-09-15,4,30,1,1,0,130.00,53.86,573.86,JPY,AUS,Sydney,app,iOS,,,
0e82ecca-6c91-4cea-9ee3-da5a902cb38b,21,846084,Confirmed,2025-01-28,2025-02-28,2025-03-09,9,31,2,0,0,199.69,36.05,1833.26,AED,USA,New York,web,iOS,,,
f96cb039-8692-4c01-b2b1-ef8882941d4b,29,675737,Confirmed,2025-12-08,2025-12-22,2025-12-25,3,14,2,1,0,99.56,66.87,365.55,AED,IND,Mumbai,app,Android,,,
ea9d1056-e12c-4abc-afc2-09b051898fb4,20,348358,Confirmed,2025-07-06,2025-07-30,2025-08-03,4,24,1,0,0,106.99,33.53,461.49,GBP,IND,Mumbai,app,Android,,,
09b597fa-5686-4158-874d-dc3d0207539b,29,261329,Confirmed,2025-06-04,2025-07-03,2025-07-04,1,29,2,0,0,106.92,35.60,142.52,AUD,IND,Mumbai,app,iOS,,,
15377cfe-5038-4ddf-9c1b-2b32a5f4f7ca,23,201514,Confirmed,2025-07-21,2025-08-28,2025-08-31,3,38,1,0,0,174.28,45.96,568.80,EUR,UAE,Dubai,app,Web,,,
620229a0-4ebb-479d-ba62-94aabdb4f12f,69,201625,Confirmed,2025-06-02,2025-06-18,2025-06-22,4,16,1,1,0,179.58,72.38,790.70,USD,FRA,Paris,app,Android,,,
4ddaa4f0-07a3-4277-98a9-6fa8ca7d83dc,22,975083,Confirmed,2025-06-16,2025-07-17,2025-07-25,8,31,1,0,0,204.23,30.56,1664.40,GBP,UK,London,app,Web,,,
76c8176d-e8b4-4919-9051-0e8c708be7ab,2,619506,Confirmed,2025-07-14,2025-08-09,2025-08-18,9,26,1,1,0,208.08,36.19,1908.91,INR,FRA,Paris,app,iOS,,,
6d680548-a6f2-44eb-88cf-e4a46fc39650,28,176828,Confirmed,2025-03-07,2025-04-04,2025-04-13,9,28,1,1,0,158.99,54.41,1485.32,USD,JPN,Tokyo,app,Web,,,
4690cd26-442a-4ab5-89f6-95431a63b966,95,834878,Confirmed,2025-07-26,2025-08-25,2025-08-28,3,30,2,0,0,177.61,56.36,589.19,AUD,JPN,Tokyo,partner,Web,,,
b28145ab-7a60-4cb1-a18f-e038cda38bc4,48,728415,Confirmed,2025-01-08,2025-02-01,2025-02-08,7,24,1,0,1,190.44,38.30,1371.38,USD,USA,New York,app,Web,,,
05cd8d47-d84c-4405-b692-6c0f6d965f17,25,281325,Confirmed,2025-01-13,2025-02-02,2025-02-03,1,20,2,1,0,150.00,23.48,173.48,AED,UAE,Dubai,app,iOS,,,
12686c9f-c096-4491-ba26-a8357e5647e5,4,184866,Confirmed,2025-07-27,2025-08-13,2025-08-15,2,17,2,0,0,183.47,33.47,400.41,INR,UAE,Dubai,app,iOS,,,
bee4a714-c924-4dfc-9e02-14ce7445cf20,58,418687,Confirmed,2025-07-10,2025-08-01,2025-08-10,9,22,2,0,0,120.22,47.42,1129.40,GBP,IND,Mumbai,web,Android,,,
fc879f62-0e46-4c4d-8a5f-277d6d2ef10b,89,492420,Confirmed,2025-01-20,2025-03-02,2025-03-06,4,41,2,0,0,160.00,78.14,718.14,JPY,FRA,Paris,app,Web,,,
00e8f76d-144e-4f83-84b1-319ec855790a,98,805217,Confirmed,2025-08-26,2025-09-28,2025-09-30,2,33,2,0,0,140.00,50.35,330.35,JPY,JPN,Tokyo,app,Web,,,
49406824-f2fa-419e-9192-259bf321c523,14,163700,Confirmed,2025-12-25,2026-01-20,2026-01-25,5,26,2,0,0,170.00,59.19,909.19,INR,UK,London,app,Web,,,
ea13b998-83b6-4fc4-8fdc-3b1fb5c30f33,98,484444,Confirmed,2025-08-08,2025-09-16,2025-09-24,8,39,1,0,0,90.00,58.31,778.31,USD,IND,Mumbai,web,iOS,,,
73b3176a-c7d5-49f0-9f65-1a0a9f802467,79,447197,Confirmed,2025-12-06,2026-01-01,2026-01-10,9,26,1,1,1,130.00,40.06,1210.06,AUD,AUS,Sydney,web,Android,,,
c250b359-2cc8-436e-bd5e-03c81f050c76,40,710698,Confirmed,2025-12-18,2026-01-20,2026-01-27,7,33,2,0,0,130.00,66.87,976.87,JPY,AUS,Sydney,app,Web,,,
8f9745ff-ae1b-4d96-98ea-4ed99827b44a,52,390536,Confirmed,2025-06-01,2025-07-03,2025-07-07,4,32,1,0,0,174.21,61.50,758.34,INR,JPN,Tokyo,app,iOS,,,
36acfa15-a9e6-42a7-866a-865f9ba201db,93,822468,Confirmed,2025-04-13,2025-05-03,2025-05-08,5,20,2,0,0,184.72,53.16,976.76,JPY,UK,London,app,Android,,,
e8e48264-da21-4918-b946-334adbd28f89,1,444336,Confirmed,2025-12-13,2026-01-13,2026-01-15,2,31,1,0,0,170.00,44.81,384.81,AUD,UK,London,app,iOS,,,
8d098e01-5974-4e41-b7df-0f256ae0f696,46,562298,Confirmed,2025-06-12,2025-07-06,2025-07-09,3,24,2,0,0,174.00,37.29,559.29,AUD,UAE,Dubai,app,iOS,,,
ee663993-55b9-4d91-9cc2-21d865dc79df,5,510288,Confirmed,2025-08-19,2025-09-06,2025-09-09,3,18,1,0,0,167.89,46.09,549.76,AED,UAE,Dubai,web,iOS,,,
c8154e73-af45-4dfb-88db-31d8cdcbc3f8,6,881152,Confirmed,2025-10-25,2025-11-02,2025-11-06,4,8,2,0,0,160.00,57.87,697.87,AED,FRA,Paris,web,iOS,,,
3c9f0fe8-b951-4b07-9913-43cff58437e3,23,465837,Confirmed,2025-08-19,2025-09-11,2025-09-17,6,23,2,0,0,90.00,68.77,608.77,USD,IND,Mumbai,web,Web,,,
8e3aa561-27cd-4f10-a5e0-6323b6dcf02d,21,949706,Confirmed,2025-08-04,2025-09-11,2025-09-19,8,38,2,0,0,150.00,75.96,1275.96,JPY,UAE,Dubai,app,Web,,,
2e0ecebb-9e19-4214-a1b8-a98130e545e3,91,325946,Confirmed,2025-06-10,2025-06-19,2025-06-24,5,9,1,0,0,194.44,58.47,1030.67,EUR,UK,London,web,Web,,,
47880fd9-2dca-4939-acbb-47d597ed5d27,16,706559,Confirmed,2025-08-13,2025-09-13,2025-09-23,10,31,1,1,0,151.32,78.50,1591.70,JPY,JPN,Tokyo,web,iOS,,,
4853afc5-cd66-4110-bd97-988cb811a7db,12,668354,Confirmed,2025-09-12,2025-10-13,2025-10-20,7,31,2,1,0,180.00,22.50,1282.50,AUD,USA,New York,app,Android,,,
009967f5-9a3b-4c0f-b2b4-34910d832540,9,176834,Confirmed,2025-05-21,2025-06-13,2025-06-21,8,23,1,0,0,228.37,39.96,1866.92,GBP,USA,New York,app,iOS,,,
9927a651-435e-433e-bfe9-974a2c9b5175,34,892062,Confirmed,2025-07-22,2025-08-12,2025-08-18,6,21,1,0,0,168.61,41.31,1052.97,AUD,JPN,Tokyo,app,Web,,,
3dbf60bc-a6f3-40c0-bac6-10fa956412c1,59,502222,Confirmed,2025-07-03,2025-07-18,2025-07-23,5,15,1,0,0,186.82,29.67,963.77,JPY,UAE,Dubai,app,Android,,,
76b78908-7c5a-4cfb-b0f7-26adf4426e57,55,370671,Confirmed,2025-01-23,2025-02-20,2025-02-24,4,28,1,0,0,180.00,39.75,759.75,EUR,USA,New York,app,iOS,,,
f8b5bfda-f4be-4f4b-bb13-18f752592f92,17,305962,Confirmed,2025-10-09,2025-10-18,2025-10-19,1,9,2,0,0,192.63,22.36,214.99,INR,UK,London,web,iOS,,,
6c6a6ec9-3ad8-4503-92d2-9bebe6f0e1f7,73,275947,Confirmed,2025-06-23,2025-07-15,2025-07-18,3,22,2,0,0,151.77,51.65,506.96,GBP,AUS,Sydney,partner,Android,,,
37b9d9bc-3ca1-432f-8628-5e0b3c9c5b94,49,265598,Confirmed,2025-09-24,2025-10-16,2025-10-21,5,22,2,0,0,160.00,46.19,846.19,AED,FRA,Paris,web,Android,,,
872d620e-4f3f-49f1-8e9f-a0c782c724bf,29,547870,Confirmed,2025-12-02,2025-12-23,2025-12-27,4,21,2,1,0,155.46,46.05,667.89,JPY,AUS,Sydney,partner,Web,,,
643f809d-3b1d-443c-af94-16048053ed27,98,676241,Confirmed,2025-07-28,2025-08-07,2025-08-10,3,10,2,1,0,182.94,29.82,578.64,AUD,FRA,Paris,app,iOS,,,
a2e924a9-fd75-4c9a-818e-004a7de62692,44,801001,Confirmed,2025-06-16,2025-06-30,2025-07-04,4,14,2,0,0,178.07,66.55,778.83,AUD,JPN,Tokyo,app,Android,,,
b6fd5250-6626-479d-a46d-e4f92cf59d70,3,432039,Confirmed,2025-10-27,2025-12-04,2025-12-13,9,38,2,0,0,187.22,68.53,1753.51,INR,UAE,Dubai,app,iOS,,,
48cddc70-b5b8-4436-a253-99bbf511408c,83,337792,Confirmed,2025-08-15,2025-09-17,2025-09-21,4,33,1,0,0,90.00,39.44,399.44,USD,IND,Mumbai,app,iOS,,,
be88921c-9186-4bfb-a8a8-0908b9114e40,11,357520,Confirmed,2025-10-03,2025-11-02,2025-11-11,9,30,2,0,0,150.00,47.36,1397.36,GBP,UAE,Dubai,app,Web,,,
9b78807b-7423-4d06-b036-31452e5ebf34,19,512346,Confirmed,2025-12-17,2026-01-05,2026-01-10,5,19,2,1,0,140.00,36.37,736.37,JPY,JPN,Tokyo,web,iOS,,,
bdec5db8-1053-40df-bcc8-b7b6a902ece8,55,229581,Confirmed,2025-08-11,2025-09-19,2025-09-23,4,39,2,0,0,163.80,51.03,706.23,INR,UAE,Dubai,web,iOS,,,
c1a1907f-c56c-48c1-bf6e-d4d4734d581e,26,469331,Confirmed,2025-12-07,2025-12-28,2025-12-31,3,21,1,1,0,207.52,39.53,662.09,JPY,FRA,Paris,web,Android,,,
9e9922b8-52aa-442f-aa2f-7bf44d7f289c,25,184134,Confirmed,2025-02-19,2025-03-13,2025-03-17,4,22,1,0,0,140.00,48.14,608.14,GBP,JPN,Tokyo,app,iOS,,,
45ebc73e-4d16-446f-bd1e-94892307d081,24,507664,Confirmed,2025-08-04,2025-08-22,2025-08-30,8,18,2,1,0,233.19,39.57,1905.09,EUR,USA,New York,app,iOS,,,
8adef0b9-4aa8-4de1-993a-4ff7aabee683,53,915228,Confirmed,2025-12-27,2026-01-23,2026-01-25,2,27,1,0,0,175.70,31.59,382.99,INR,FRA,Paris,web,Android,,,
ac1c7d64-e067-4c9f-b2b8-160da7bef596,56,568537,Confirmed,2025-11-15,2025-12-16,2025-12-22,6,31,2,0,0,233.53,33.05,1434.23,EUR,USA,New York,app,Android,,,
7ec382ec-9152-4213-a66c-a2e0abb89376,15,771963,Confirmed,2025-05-14,2025-05-31,2025-06-02,2,17,1,0,1,197.96,44.23,440.15,AUD,USA,New York,web,Web,,,
d0ec6cb3-4cf5-441d-a2ed-383f1bc6ddd6,97,938308,Confirmed,2025-01-19,2025-02-13,2025-02-18,5,25,2,1,0,150.00,41.39,791.39,USD,UAE,Dubai,app,iOS,,,
d3c1311a-cf9f-4470-8891-acd97e19fca8,17,807978,Confirmed,2025-07-18,2025-08-21,2025-08-30,9,34,2,1,0,222.17,58.10,2057.63,GBP,USA,New York,app,Android,,,
5ce8c417-064b-414c-b1d9-435ec5f3dc6e,25,687841,Confirmed,2025-12-16,2026-01-14,2026-01-18,4,29,2,0,0,90.00,31.30,391.30,AED,IND,Mumbai,web,Android,,,
de0256f6-070a-4c88-b583-fe1df03bc98b,59,977740,Confirmed,2025-07-19,2025-08-15,2025-08-17,2,27,2,1,0,115.00,45.04,275.04,EUR,IND,Mumbai,app,Web,,,
1b949d81-b70e-4145-acfc-ebbf91f59e2f,47,729900,Confirmed,2025-05-08,2025-05-26,2025-05-31,5,18,1,0,0,170.00,55.73,905.73,EUR,UK,London,app,iOS,,,
2668b741-3135-48ad-b90b-b4e265064569,33,381258,Confirmed,2025-08-12,2025-09-11,2025-09-16,5,30,1,0,0,130.00,59.33,709.33,INR,AUS,Sydney,web,Web,,,
e4cee78d-30f7-48a6-9bb8-5629446219c4,24,325118,Confirmed,2025-08-22,2025-09-08,2025-09-11,3,17,2,0,0,90.00,76.05,346.05,GBP,IND,Mumbai,web,Android,,,
32153570-336d-4f61-b4b5-638db8414b80,5,233076,Confirmed,2025-12-01,2025-12-29,2026-01-05,7,28,1,0,0,160.08,73.10,1193.66,INR,JPN,Tokyo,app,Android,,,
95c7379d-0895-44fa-ab43-5f6717ef2743,49,700996,Confirmed,2025-06-01,2025-07-02,2025-07-04,2,31,2,0,0,186.69,72.96,446.34,EUR,FRA,Paris,web,Android,,,
8943e2c7-02b9-4055-b8a3-6f2957c9d95f,93,621146,Confirmed,2025-02-09,2025-03-03,2025-03-12,9,22,2,0,0,90.00,79.76,889.76,AUD,IND,Mumbai,web,Web,,,
cab53ee8-cc5d-4204-8449-c99979b9c00f,10,563765,Confirmed,2025-12-17,2026-01-11,2026-01-17,6,25,2,0,0,130.00,77.02,857.02,USD,AUS,Sydney,web,iOS,,,
9ec47fa4-1559-4903-8e1a-e3616dc13ae3,5,749049,Confirmed,2025-08-09,2025-09-09,2025-09-18,9,31,1,1,0,140.00,24.56,1284.56,GBP,JPN,Tokyo,app,iOS,,,
599d0d65-71ec-4d13-bd8c-6c44751a8980,30,440621,Confirmed,2025-07-03,2025-08-03,2025-08-05,2,31,2,0,0,171.89,57.22,401.00,EUR,UAE,Dubai,web,Web,,,
bcc3df66-615c-42f7-8543-fd0e982d8e9d,66,970928,Confirmed,2025-11-10,2025-12-14,2025-12-17,3,34,1,0,0,220.01,77.26,737.29,JPY,USA,New York,app,Android,,,
36f24d3c-59aa-4722-a90e-be2056a251f9,56,781370,Confirmed,2025-08-26,2025-09-26,2025-10-02,6,31,2,1,0,165.75,38.15,1032.65,JPY,UAE,Dubai,web,iOS,,,
5954fa0a-026d-41a1-a528-6719292826e1,55,686423,Confirmed,2025-07-20,2025-08-05,2025-08-10,5,16,2,1,0,107.40,26.75,563.75,JPY,IND,Mumbai,web,iOS,,,
27c75e40-bb59-4005-9f04-707e13490d5e,36,935046,Confirmed,2025-09-20,2025-10-29,2025-11-04,6,39,2,1,0,130.00,52.98,832.98,INR,AUS,Sydney,app,Web,,,
c539635a-469e-4c09-a0d3-8ea8d6ec4065,98,363177,Confirmed,2025-04-22,2025-05-15,2025-05-20,5,23,2,1,0,130.00,76.42,726.42,AUD,AUS,Sydney,app,Android,,,
08296ca6-8077-4244-8ba3-ccba54b1e6fe,89,571753,Confirmed,2025-01-26,2025-02-17,2025-02-22,5,22,2,0,0,150.00,70.03,820.03,INR,UAE,Dubai,app,Android,,,
d0393731-ef0a-48c1-b193-00ddcea603e4,63,219163,Confirmed,2025-08-12,2025-09-11,2025-09-21,10,30,2,0,0,170.00,54.43,1754.43,AUD,UK,London,app,Web,,,
935fed5a-40a4-4c55-81c9-1560f08a33ab,25,189045,Confirmed,2025-06-26,2025-07-21,2025-07-23,2,25,2,0,0,179.55,67.21,426.31,EUR,JPN,Tokyo,app,iOS,,,
a278c97a-d941-4178-b0ac-7b614a0baa7e,19,562462,Confirmed,2025-02-21,2025-03-10,2025-03-16,6,17,2,0,0,130.00,34.92,814.92,JPY,AUS,Sydney,web,Android,,,
ba3ae7f4-ea6e-4dc8-a18b-1fbd5520cd1b,12,719659,Confirmed,2025-07-16,2025-08-14,2025-08-21,7,29,1,0,0,165.76,30.22,1190.54,AUD,AUS,Sydney,web,Android,,,
a9a04f10-0a7a-4a3a-a6b3-e93124521978,10,143982,Confirmed,2025-03-09,2025-04-12,2025-04-24,12,34,1,0,0,97.31,76.94,1244.66,USD,IND,Mumbai,app,iOS,,,
ee6fa83e-1306-498a-bc7d-cb84d0a4e054,83,817936,Confirmed,2025-02-09,2025-02-21,2025-02-23,2,12,1,0,0,140.68,26.24,307.60,JPY,AUS,Sydney,app,Android,,,
0c9244f1-b066-474b-9deb-728802927105,39,787267,Confirmed,2025-08-12,2025-09-03,2025-09-16,13,22,1,0,0,130.00,30.43,1720.43,AED,AUS,Sydney,web,iOS,,,
5d766443-1df3-4daa-b5e3-026fdee3f515,8,946511,Confirmed,2025-06-22,2025-07-18,2025-07-30,12,26,2,0,1,174.52,77.40,2171.64,JPY,UAE,Dubai,app,Web,,,
78f3accc-6aec-4bfb-9b51-bc946fe048e2,45,679130,Confirmed,2025-07-14,2025-08-15,2025-08-25,10,32,2,0,0,243.72,53.83,2491.03,AUD,USA,New York,app,Web,,,
a08e4cc1-1fe4-484b-b364-4858eb505603,9,551195,Confirmed,2025-07-23,2025-08-23,2025-08-26,3,31,2,1,0,178.96,20.91,557.79,GBP,UAE,Dubai,web,Android,,,
cc188b23-81f3-4a12-826b-b14c596ccd60,96,226833,Confirmed,2025-08-09,2025-09-05,2025-09-16,11,27,1,0,0,94.64,57.91,1098.95,EUR,IND,Mumbai,app,iOS,,,
23dc2c87-747c-41cd-96fb-d2671a182af8,71,206765,Confirmed,2025-03-08,2025-04-09,2025-04-11,2,32,1,0,0,130.00,41.13,301.13,JPY,AUS,Sydney,web,Web,,,
7680183e-d5f7-4bca-b665-5fcb3a80b340,12,692789,Confirmed,2025-10-26,2025-11-23,2025-11-25,2,28,2,1,0,90.00,45.06,225.06,AED,IND,Mumbai,web,iOS,,,
a98fc8ba-d7bf-4bc7-b196-7dd262788313,33,667921,Confirmed,2025-06-13,2025-07-13,2025-07-23,10,30,2,0,1,199.72,38.96,2036.16,GBP,FRA,Paris,web,Android,,,
804e9909-2089-49c8-9d5d-fc0cfd07fe58,98,296771,Confirmed,2025-05-07,2025-05-25,2025-06-01,7,18,1,0,0,160.00,51.16,1171.16,AUD,FRA,Paris,app,Android,,,
fa494d64-b0f6-46b9-9891-cd2e68842a7b,22,814427,Confirmed,2025-07-23,2025-08-13,2025-08-18,5,21,2,0,0,225.78,42.47,1171.37,GBP,USA,New York,partner,Android,,,
0243efb6-a95a-4af2-8ba1-ec206b042d78,17,528786,Confirmed,2025-06-17,2025-07-17,2025-07-23,6,30,2,0,0,167.72,62.93,1069.25,AED,UAE,Dubai,web,iOS,,,
684b2915-1d37-4712-ae6f-d599c811bd42,78,258110,Confirmed,2025-05-25,2025-07-01,2025-07-03,2,37,1,0,0,213.40,73.17,499.97,AUD,UK,London,web,Android,,,
